Rank,NOC,Gold,Silver,Bronze,Total,Year,Events_Participated,NA,ER,HE,Score,Score_Lag1,Score_Lag2,AP,Mundlak_ER,Mundlak_NM,Const
80,Albania,0,0,2,2,2024,0.0,0.0,0.0,0,2,0.0,0.0,0.0,0.0,2.0,1
42,Algeria,0,0,2,2,1984,0.0,0.0,0.0,0,2,0.0,0.0,0.0,0.0,4.75,1
34,Algeria,1,0,1,2,1992,0.0,0.0,0.0,0,4,2.0,0.0,2.0,0.0,4.75,1
34,Algeria,2,0,1,3,1996,0.0,0.0,0.0,0,7,4.0,2.0,6.0,0.0,4.75,1
42,Algeria,1,1,3,5,2000,0.0,0.0,0.0,0,8,7.0,4.0,11.0,0.0,4.75,1
68,Algeria,0,1,1,2,2008,0.0,0.0,0.0,0,3,8.0,7.0,15.0,0.0,4.75,1
50,Algeria,1,0,0,1,2012,0.0,0.0,0.0,0,3,3.0,8.0,11.0,0.0,4.75,1
63,Algeria,0,2,0,2,2016,0.0,0.0,0.0,0,4,3.0,3.0,6.0,0.0,4.75,1
39,Algeria,2,0,1,3,2024,0.0,0.0,0.0,0,7,4.0,3.0,7.0,0.0,4.75,1
16,Argentina,1,3,2,6,1924,0.0,0.0,0.0,0,11,0.0,0.0,0.0,0.0,7.2105263157894735,1
12,Argentina,3,3,1,7,1928,0.0,0.0,0.0,0,16,11.0,0.0,11.0,0.0,7.2105263157894735,1
14,Argentina,2,2,3,7,1936,0.0,0.0,0.0,0,13,16.0,11.0,27.0,0.0,7.2105263157894735,1
13,Argentina,3,3,1,7,1948,0.0,0.0,0.0,0,16,13.0,16.0,29.0,0.0,7.2105263157894735,1
19,Argentina,1,2,2,5,1952,0.0,0.0,0.0,0,9,16.0,13.0,29.0,0.0,7.2105263157894735,1
29,Argentina,0,1,1,2,1956,0.0,0.0,0.0,0,3,9.0,16.0,25.0,0.0,7.2105263157894735,1
30,Argentina,0,1,0,1,1964,0.0,0.0,0.0,0,2,3.0,9.0,12.0,0.0,7.2105263157894735,1
41,Argentina,0,0,2,2,1968,0.0,0.0,0.0,0,2,2.0,3.0,5.0,0.0,7.2105263157894735,1
33,Argentina,0,1,0,1,1972,0.0,0.0,0.0,0,2,2.0,2.0,4.0,0.0,7.2105263157894735,1
35,Argentina,0,1,1,2,1988,0.0,0.0,0.0,0,3,2.0,2.0,4.0,0.0,7.2105263157894735,1
54,Argentina,0,0,1,1,1992,0.0,0.0,0.0,0,1,3.0,2.0,5.0,0.0,7.2105263157894735,1
54,Argentina,0,2,1,3,1996,0.0,0.0,0.0,0,5,1.0,3.0,4.0,0.0,7.2105263157894735,1
57,Argentina,0,2,2,4,2000,0.0,0.0,0.0,0,6,5.0,1.0,6.0,0.0,7.2105263157894735,1
38,Argentina,2,0,4,6,2004,0.0,0.0,0.0,0,10,6.0,5.0,11.0,0.0,7.2105263157894735,1
35,Argentina,2,0,4,6,2008,0.0,0.0,0.0,0,10,10.0,6.0,16.0,0.0,7.2105263157894735,1
42,Argentina,1,1,2,4,2012,0.0,0.0,0.0,0,7,10.0,10.0,20.0,0.0,7.2105263157894735,1
26,Argentina,3,1,0,4,2016,0.0,0.0,0.0,0,11,7.0,10.0,17.0,0.0,7.2105263157894735,1
72,Argentina,0,1,2,3,2020,0.0,0.0,0.0,0,4,11.0,7.0,18.0,0.0,7.2105263157894735,1
52,Argentina,1,1,1,3,2024,0.0,0.0,0.0,0,6,4.0,11.0,15.0,0.0,7.2105263157894735,1
45,Armenia,1,1,0,2,1996,0.0,0.0,0.0,0,5,0.0,0.0,0.0,0.0,5.285714285714286,1
71,Armenia,0,0,1,1,2000,0.0,0.0,0.0,0,1,5.0,0.0,5.0,0.0,5.285714285714286,1
62,Armenia,0,1,4,5,2008,0.0,0.0,0.0,0,6,1.0,5.0,6.0,0.0,5.285714285714286,1
65,Armenia,0,1,1,2,2012,0.0,0.0,0.0,0,3,6.0,1.0,7.0,0.0,5.285714285714286,1
42,Armenia,1,3,0,4,2016,0.0,0.0,0.0,0,9,3.0,6.0,9.0,0.0,5.285714285714286,1
69,Armenia,0,2,2,4,2020,0.0,0.0,0.0,0,6,9.0,3.0,12.0,0.0,5.285714285714286,1
66,Armenia,0,3,1,4,2024,0.0,0.0,0.0,0,7,6.0,9.0,15.0,0.0,5.285714285714286,1
8,Australia,2,0,0,2,1896,0.0,0.0,0.0,0,6,0.0,0.0,0.0,0.0,42.23076923076923,1
9,Australia,2,0,3,5,1900,0.0,0.0,0.0,0,9,6.0,0.0,6.0,0.0,42.23076923076923,1
12,Australia,0,3,1,4,1904,0.0,0.0,0.0,0,7,9.0,6.0,15.0,0.0,42.23076923076923,1
16,Australia,0,2,1,3,1920,0.0,0.0,0.0,0,5,7.0,9.0,16.0,0.0,42.23076923076923,1
11,Australia,3,1,2,6,1924,0.0,0.0,0.0,0,13,5.0,7.0,12.0,0.0,42.23076923076923,1
19,Australia,1,2,1,4,1928,0.0,0.0,0.0,0,8,13.0,5.0,18.0,0.0,42.23076923076923,1
30,Australia,0,0,1,1,1936,0.0,0.0,0.0,0,1,8.0,13.0,21.0,0.0,42.23076923076923,1
14,Australia,2,6,5,13,1948,0.0,0.0,0.0,0,23,1.0,8.0,9.0,0.0,42.23076923076923,1
9,Australia,6,2,3,11,1952,0.0,0.0,0.0,0,25,23.0,1.0,24.0,0.0,42.23076923076923,1
3,Australia,13,8,14,35,1956,0.0,0.0,0.0,0,69,25.0,23.0,48.0,0.0,42.23076923076923,1
8,Australia,6,2,10,18,1964,0.0,0.0,0.0,0,32,69.0,25.0,94.0,0.0,42.23076923076923,1
9,Australia,5,7,5,17,1968,0.0,0.0,0.0,0,34,32.0,69.0,101.0,0.0,42.23076923076923,1
6,Australia,8,7,2,17,1972,0.0,0.0,0.0,0,40,34.0,32.0,66.0,0.0,42.23076923076923,1
32,Australia,0,1,4,5,1976,0.0,0.0,0.0,0,6,40.0,34.0,74.0,0.0,42.23076923076923,1
15,Australia,2,2,5,9,1980,0.0,0.0,0.0,0,15,6.0,40.0,46.0,0.0,42.23076923076923,1
14,Australia,4,8,12,24,1984,0.0,0.0,0.0,0,40,15.0,6.0,21.0,0.0,42.23076923076923,1
15,Australia,3,6,5,14,1988,0.0,0.0,0.0,0,26,40.0,15.0,55.0,0.0,42.23076923076923,1
10,Australia,7,9,11,27,1992,0.0,0.0,0.0,0,50,26.0,40.0,66.0,0.0,42.23076923076923,1
7,Australia,9,9,23,41,1996,0.0,0.0,0.0,0,68,50.0,26.0,76.0,0.0,42.23076923076923,1
4,Australia,16,25,17,58,2000,0.0,0.0,0.0,0,115,68.0,50.0,118.0,0.0,42.23076923076923,1
4,Australia,17,16,17,50,2004,0.0,0.0,0.0,0,100,115.0,68.0,183.0,0.0,42.23076923076923,1
6,Australia,14,15,17,46,2008,0.0,0.0,0.0,0,89,100.0,115.0,215.0,0.0,42.23076923076923,1
8,Australia,8,15,12,35,2012,0.0,0.0,0.0,0,66,89.0,100.0,189.0,0.0,42.23076923076923,1
10,Australia,8,11,10,29,2016,0.0,0.0,0.0,0,56,66.0,89.0,155.0,0.0,42.23076923076923,1
6,Australia,17,7,22,46,2020,0.0,0.0,0.0,0,87,56.0,66.0,122.0,0.0,42.23076923076923,1
4,Australia,18,19,16,53,2024,0.0,0.0,0.0,0,108,87.0,56.0,143.0,0.0,42.23076923076923,1
7,Austria,2,1,2,5,1896,0.0,0.0,0.0,0,10,0.0,0.0,0.0,0.0,6.96,1
16,Austria,0,3,3,6,1900,0.0,0.0,0.0,0,9,10.0,0.0,10.0,0.0,6.96,1
8,Austria,1,1,1,3,1904,0.0,0.0,0.0,0,6,9.0,10.0,19.0,0.0,6.96,1
19,Austria,0,0,1,1,1908,0.0,0.0,0.0,0,1,6.0,9.0,15.0,0.0,6.96,1
17,Austria,0,2,2,4,1912,0.0,0.0,0.0,0,6,1.0,6.0,7.0,0.0,6.96,1
20,Austria,0,3,1,4,1924,0.0,0.0,0.0,0,7,6.0,1.0,7.0,0.0,6.96,1
18,Austria,2,0,1,3,1928,0.0,0.0,0.0,0,7,7.0,6.0,13.0,0.0,6.96,1
10,Austria,5,7,5,17,1936,0.0,0.0,0.0,0,34,7.0,7.0,14.0,0.0,6.96,1
21,Austria,1,0,3,4,1948,0.0,0.0,0.0,0,6,34.0,7.0,41.0,0.0,6.96,1
32,Austria,0,1,1,2,1952,0.0,0.0,0.0,0,3,6.0,34.0,40.0,0.0,6.96,1
34,Austria,0,0,2,2,1956,0.0,0.0,0.0,0,2,3.0,6.0,9.0,0.0,6.96,1
32,Austria,0,2,2,4,1968,0.0,0.0,0.0,0,6,2.0,3.0,5.0,0.0,6.96,1
31,Austria,0,1,2,3,1972,0.0,0.0,0.0,0,4,6.0,2.0,8.0,0.0,6.96,1
37,Austria,0,0,1,1,1976,0.0,0.0,0.0,0,1,4.0,6.0,10.0,0.0,6.96,1
21,Austria,1,2,1,4,1980,0.0,0.0,0.0,0,8,1.0,4.0,5.0,0.0,6.96,1
22,Austria,1,1,1,3,1984,0.0,0.0,0.0,0,6,8.0,1.0,9.0,0.0,6.96,1
29,Austria,1,0,0,1,1988,0.0,0.0,0.0,0,3,6.0,8.0,14.0,0.0,6.96,1
41,Austria,0,2,0,2,1992,0.0,0.0,0.0,0,4,3.0,6.0,9.0,0.0,6.96,1
57,Austria,0,1,2,3,1996,0.0,0.0,0.0,0,4,4.0,3.0,7.0,0.0,6.96,1
32,Austria,2,1,0,3,2000,0.0,0.0,0.0,0,8,4.0,4.0,8.0,0.0,6.96,1
27,Austria,2,4,1,7,2004,0.0,0.0,0.0,0,15,8.0,4.0,12.0,0.0,6.96,1
64,Austria,0,1,2,3,2008,0.0,0.0,0.0,0,4,15.0,8.0,23.0,0.0,6.96,1
78,Austria,0,0,1,1,2016,0.0,0.0,0.0,0,1,4.0,15.0,19.0,0.0,6.96,1
53,Austria,1,1,5,7,2020,0.0,0.0,0.0,0,10,1.0,4.0,5.0,0.0,6.96,1
36,Austria,2,0,3,5,2024,0.0,0.0,0.0,0,9,10.0,1.0,11.0,0.0,6.96,1
61,Azerbaijan,0,1,0,1,1996,0.0,0.0,0.0,0,2,0.0,0.0,0.0,0.0,11.25,1
34,Azerbaijan,2,0,1,3,2000,0.0,0.0,0.0,0,7,2.0,0.0,2.0,0.0,11.25,1
50,Azerbaijan,1,0,4,5,2004,0.0,0.0,0.0,0,7,7.0,2.0,9.0,0.0,11.25,1
40,Azerbaijan,1,1,4,6,2008,0.0,0.0,0.0,0,9,7.0,7.0,14.0,0.0,11.25,1
32,Azerbaijan,2,2,5,9,2012,0.0,0.0,0.0,0,15,9.0,7.0,16.0,0.0,11.25,1
39,Azerbaijan,1,7,10,18,2016,0.0,0.0,0.0,0,27,15.0,9.0,24.0,0.0,11.25,1
67,Azerbaijan,0,3,4,7,2020,0.0,0.0,0.0,0,10,27.0,15.0,42.0,0.0,11.25,1
30,Azerbaijan,2,2,3,7,2024,0.0,0.0,0.0,0,13,10.0,27.0,37.0,0.0,11.25,1
35,Bahamas,0,0,1,1,1956,0.0,0.0,0.0,0,1,0.0,0.0,0.0,0.0,3.4,1
24,Bahamas,1,0,0,1,1964,0.0,0.0,0.0,0,3,1.0,0.0,1.0,0.0,3.4,1
54,Bahamas,0,0,1,1,1992,0.0,0.0,0.0,0,1,3.0,1.0,4.0,0.0,3.4,1
61,Bahamas,0,1,0,1,1996,0.0,0.0,0.0,0,2,1.0,3.0,4.0,0.0,3.4,1
34,Bahamas,2,0,1,3,2000,0.0,0.0,0.0,0,7,2.0,1.0,3.0,0.0,3.4,1
52,Bahamas,1,0,1,2,2004,0.0,0.0,0.0,0,4,7.0,2.0,9.0,0.0,3.4,1
68,Bahamas,0,1,1,2,2008,0.0,0.0,0.0,0,3,4.0,7.0,11.0,0.0,3.4,1
50,Bahamas,1,0,0,1,2012,0.0,0.0,0.0,0,3,3.0,4.0,7.0,0.0,3.4,1
51,Bahamas,1,0,1,2,2016,0.0,0.0,0.0,0,4,3.0,3.0,6.0,0.0,3.4,1
42,Bahamas,2,0,0,2,2020,0.0,0.0,0.0,0,6,4.0,3.0,7.0,0.0,3.4,1
50,Bahrain,1,0,0,1,2012,0.0,0.0,0.0,0,3,0.0,0.0,0.0,0.0,4.75,1
48,Bahrain,1,1,0,2,2016,0.0,0.0,0.0,0,5,3.0,0.0,3.0,0.0,4.75,1
77,Bahrain,0,1,0,1,2020,0.0,0.0,0.0,0,2,5.0,3.0,8.0,0.0,4.75,1
33,Bahrain,2,1,1,4,2024,0.0,0.0,0.0,0,9,2.0,5.0,7.0,0.0,4.75,1
37,Belarus,1,6,8,15,1996,0.0,0.0,0.0,0,23,0.0,0.0,0.0,0.0,20.142857142857142,1
23,Belarus,3,3,11,17,2000,0.0,0.0,0.0,0,26,23.0,0.0,23.0,0.0,20.142857142857142,1
26,Belarus,2,5,6,13,2004,0.0,0.0,0.0,0,22,26.0,23.0,49.0,0.0,20.142857142857142,1
24,Belarus,3,4,7,14,2008,0.0,0.0,0.0,0,24,22.0,26.0,48.0,0.0,20.142857142857142,1
28,Belarus,2,5,3,10,2012,0.0,0.0,0.0,0,19,24.0,22.0,46.0,0.0,20.142857142857142,1
40,Belarus,1,4,4,9,2016,0.0,0.0,0.0,0,15,19.0,24.0,43.0,0.0,20.142857142857142,1
45,Belarus,1,3,3,7,2020,0.0,0.0,0.0,0,12,15.0,19.0,34.0,0.0,20.142857142857142,1
5,Belgium,6,7,4,17,1900,0.0,0.0,0.0,0,36,0.0,0.0,0.0,0.0,12.038461538461538,1
10,Belgium,1,5,2,8,1908,0.0,0.0,0.0,0,15,36.0,0.0,36.0,0.0,12.038461538461538,1
13,Belgium,2,1,3,6,1912,0.0,0.0,0.0,0,11,15.0,36.0,51.0,0.0,12.038461538461538,1
5,Belgium,14,11,11,36,1920,0.0,0.0,0.0,0,75,11.0,15.0,26.0,0.0,12.038461538461538,1
10,Belgium,3,7,3,13,1924,0.0,0.0,0.0,0,26,75.0,11.0,86.0,0.0,12.038461538461538,1
29,Belgium,0,1,2,3,1928,0.0,0.0,0.0,0,4,26.0,75.0,101.0,0.0,12.038461538461538,1
28,Belgium,0,0,3,3,1936,0.0,0.0,0.0,0,3,4.0,26.0,30.0,0.0,12.038461538461538,1
15,Belgium,2,2,3,7,1948,0.0,0.0,0.0,0,13,3.0,4.0,7.0,0.0,12.038461538461538,1
14,Belgium,2,2,0,4,1952,0.0,0.0,0.0,0,10,13.0,3.0,16.0,0.0,12.038461538461538,1
28,Belgium,0,2,0,2,1956,0.0,0.0,0.0,0,4,10.0,13.0,23.0,0.0,12.038461538461538,1
20,Belgium,2,0,1,3,1964,0.0,0.0,0.0,0,7,4.0,10.0,14.0,0.0,12.038461538461538,1
36,Belgium,0,1,1,2,1968,0.0,0.0,0.0,0,3,7.0,4.0,11.0,0.0,12.038461538461538,1
29,Belgium,0,2,0,2,1972,0.0,0.0,0.0,0,4,3.0,7.0,10.0,0.0,12.038461538461538,1
28,Belgium,0,3,3,6,1976,0.0,0.0,0.0,0,9,4.0,3.0,7.0,0.0,12.038461538461538,1
23,Belgium,1,0,0,1,1980,0.0,0.0,0.0,0,3,9.0,4.0,13.0,0.0,12.038461538461538,1
21,Belgium,1,1,2,4,1984,0.0,0.0,0.0,0,7,3.0,9.0,12.0,0.0,12.038461538461538,1
44,Belgium,0,0,2,2,1988,0.0,0.0,0.0,0,2,7.0,3.0,10.0,0.0,12.038461538461538,1
44,Belgium,0,1,2,3,1992,0.0,0.0,0.0,0,4,2.0,7.0,9.0,0.0,12.038461538461538,1
31,Belgium,2,2,2,6,1996,0.0,0.0,0.0,0,12,4.0,2.0,6.0,0.0,12.038461538461538,1
55,Belgium,0,2,3,5,2000,0.0,0.0,0.0,0,7,12.0,4.0,16.0,0.0,12.038461538461538,1
51,Belgium,1,0,2,3,2004,0.0,0.0,0.0,0,5,7.0,12.0,19.0,0.0,12.038461538461538,1
37,Belgium,2,0,0,2,2008,0.0,0.0,0.0,0,6,5.0,7.0,12.0,0.0,12.038461538461538,1
64,Belgium,0,1,2,3,2012,0.0,0.0,0.0,0,4,6.0,5.0,11.0,0.0,12.038461538461538,1
35,Belgium,2,2,2,6,2016,0.0,0.0,0.0,0,12,4.0,6.0,10.0,0.0,12.038461538461538,1
29,Belgium,3,1,3,7,2020,0.0,0.0,0.0,0,14,12.0,4.0,16.0,0.0,12.038461538461538,1
25,Belgium,3,1,6,10,2024,0.0,0.0,0.0,0,17,14.0,12.0,26.0,0.0,12.038461538461538,1
37,Bermuda,0,0,1,1,1976,0.0,0.0,0.0,0,1,0.0,0.0,0.0,0.0,2.0,1
63,Bermuda,1,0,0,1,2020,0.0,0.0,0.0,0,3,1.0,0.0,1.0,0.0,2.0,1
70,Botswana,0,1,0,1,2012,0.0,0.0,0.0,0,2,0.0,0.0,0.0,0.0,2.6666666666666665,1
86,Botswana,0,0,1,1,2020,0.0,0.0,0.0,0,1,2.0,0.0,2.0,0.0,2.6666666666666665,1
55,Botswana,1,1,0,2,2024,0.0,0.0,0.0,0,5,1.0,2.0,3.0,0.0,2.6666666666666665,1
15,Brazil,1,1,1,3,1920,0.0,0.0,0.0,0,6,0.0,0.0,0.0,0.0,14.85,1
34,Brazil,0,0,1,1,1948,0.0,0.0,0.0,0,1,6.0,0.0,6.0,0.0,14.85,1
24,Brazil,1,0,2,3,1952,0.0,0.0,0.0,0,5,1.0,6.0,7.0,0.0,14.85,1
24,Brazil,1,0,0,1,1956,0.0,0.0,0.0,0,3,5.0,1.0,6.0,0.0,14.85,1
35,Brazil,0,0,1,1,1964,0.0,0.0,0.0,0,1,3.0,5.0,8.0,0.0,14.85,1
35,Brazil,0,1,2,3,1968,0.0,0.0,0.0,0,4,1.0,3.0,4.0,0.0,14.85,1
41,Brazil,0,0,2,2,1972,0.0,0.0,0.0,0,2,4.0,1.0,5.0,0.0,14.85,1
36,Brazil,0,0,2,2,1976,0.0,0.0,0.0,0,2,2.0,4.0,6.0,0.0,14.85,1
17,Brazil,2,0,2,4,1980,0.0,0.0,0.0,0,8,2.0,2.0,4.0,0.0,14.85,1
19,Brazil,1,5,2,8,1984,0.0,0.0,0.0,0,15,8.0,2.0,10.0,0.0,14.85,1
24,Brazil,1,2,3,6,1988,0.0,0.0,0.0,0,10,15.0,8.0,23.0,0.0,14.85,1
25,Brazil,2,1,0,3,1992,0.0,0.0,0.0,0,8,10.0,15.0,25.0,0.0,14.85,1
25,Brazil,3,3,9,15,1996,0.0,0.0,0.0,0,24,8.0,10.0,18.0,0.0,14.85,1
53,Brazil,0,6,6,12,2000,0.0,0.0,0.0,0,18,24.0,8.0,32.0,0.0,14.85,1
16,Brazil,5,2,3,10,2004,0.0,0.0,0.0,0,22,18.0,24.0,42.0,0.0,14.85,1
23,Brazil,3,4,10,17,2008,0.0,0.0,0.0,0,27,22.0,18.0,40.0,0.0,14.85,1
22,Brazil,3,5,9,17,2012,0.0,0.0,0.0,0,28,27.0,22.0,49.0,0.0,14.85,1
13,Brazil,7,6,6,19,2016,0.0,0.0,0.0,0,39,28.0,27.0,55.0,0.0,14.85,1
12,Brazil,7,6,8,21,2020,0.0,0.0,0.0,0,41,39.0,28.0,67.0,0.0,14.85,1
20,Brazil,3,7,10,20,2024,0.0,0.0,0.0,0,33,41.0,39.0,80.0,0.0,14.85,1
40,Bulgaria,0,0,1,1,1952,0.0,0.0,0.0,0,1,0.0,0.0,0.0,0.0,24.823529411764707,1
19,Bulgaria,1,3,1,5,1956,0.0,0.0,0.0,0,10,1.0,0.0,1.0,0.0,24.823529411764707,1
11,Bulgaria,3,5,2,10,1964,0.0,0.0,0.0,0,21,10.0,1.0,11.0,0.0,24.823529411764707,1
18,Bulgaria,2,4,3,9,1968,0.0,0.0,0.0,0,17,21.0,10.0,31.0,0.0,24.823529411764707,1
9,Bulgaria,6,10,5,21,1972,0.0,0.0,0.0,0,43,17.0,21.0,38.0,0.0,24.823529411764707,1
7,Bulgaria,6,9,7,22,1976,0.0,0.0,0.0,0,43,43.0,17.0,60.0,0.0,24.823529411764707,1
3,Bulgaria,8,16,17,41,1980,0.0,0.0,0.0,0,73,43.0,43.0,86.0,0.0,24.823529411764707,1
7,Bulgaria,10,12,13,35,1988,0.0,0.0,0.0,0,67,73.0,43.0,116.0,0.0,24.823529411764707,1
18,Bulgaria,3,7,6,16,1992,0.0,0.0,0.0,0,29,67.0,73.0,140.0,0.0,24.823529411764707,1
22,Bulgaria,3,7,5,15,1996,0.0,0.0,0.0,0,28,29.0,67.0,96.0,0.0,24.823529411764707,1
16,Bulgaria,5,6,2,13,2000,0.0,0.0,0.0,0,29,28.0,29.0,57.0,0.0,24.823529411764707,1
33,Bulgaria,2,1,9,12,2004,0.0,0.0,0.0,0,17,29.0,28.0,57.0,0.0,24.823529411764707,1
42,Bulgaria,1,1,3,5,2008,0.0,0.0,0.0,0,8,17.0,29.0,46.0,0.0,24.823529411764707,1
60,Bulgaria,0,2,1,3,2012,0.0,0.0,0.0,0,5,8.0,17.0,25.0,0.0,24.823529411764707,1
66,Bulgaria,0,1,2,3,2016,0.0,0.0,0.0,0,4,5.0,8.0,13.0,0.0,24.823529411764707,1
30,Bulgaria,3,1,2,6,2020,0.0,0.0,0.0,0,13,4.0,5.0,9.0,0.0,24.823529411764707,1
26,Bulgaria,3,1,3,7,2024,0.0,0.0,0.0,0,14,13.0,4.0,17.0,0.0,24.823529411764707,1
86,Burkina Faso,0,0,1,1,2020,0.0,0.0,0.0,0,1,0.0,0.0,0.0,0.0,1.0,1
4,CHN,15,8,9,32,1984,105.0,215.0,0.21341463414634146,0,70,0.0,0.0,0.0,0.2829449611979792,141.72727272727272,1
11,CHN,5,11,12,28,1988,150.0,271.0,0.2840909090909091,0,49,70.0,0.0,70.0,0.2829449611979792,141.72727272727272,1
4,CHN,16,22,16,54,1992,144.0,243.0,0.2513089005235602,0,108,49.0,70.0,119.0,0.2829449611979792,141.72727272727272,1
4,CHN,16,22,12,50,1996,155.0,289.0,0.25662251655629137,0,104,108.0,49.0,157.0,0.2829449611979792,141.72727272727272,1
3,CHN,28,16,14,58,2000,163.0,266.0,0.24437781109445278,0,130,104.0,108.0,212.0,0.2829449611979792,141.72727272727272,1
2,CHN,32,17,14,63,2004,204.0,372.0,0.30493273542600896,0,144,130.0,104.0,234.0,0.2829449611979792,141.72727272727272,1
1,CHN,48,22,30,100,2008,257.0,583.0,0.3818722139673105,1,218,144.0,130.0,274.0,0.2829449611979792,141.72727272727272,1
2,CHN,39,31,22,92,2012,206.0,365.0,0.3074626865671642,0,201,218.0,144.0,362.0,0.2829449611979792,141.72727272727272,1
3,CHN,26,18,26,70,2016,209.0,390.0,0.3064516129032258,0,140,201.0,218.0,419.0,0.2829449611979792,141.72727272727272,1
2,CHN,38,32,19,89,2020,210.0,417.0,0.2759526938239159,0,197,140.0,201.0,341.0,0.2829449611979792,141.72727272727272,1
2,CHN,40,27,24,91,2024,211.0,396.0,0.2859078590785908,0,198,197.0,140.0,337.0,0.2829449611979792,141.72727272727272,1
84,Cabo Verde,0,0,1,1,2024,0.0,0.0,0.0,0,1,0.0,0.0,0.0,0.0,1.0,1
13,Canada,1,0,1,2,1900,0.0,0.0,0.0,0,4,0.0,0.0,0.0,0.0,23.23076923076923,1
3,Canada,4,1,1,6,1904,0.0,0.0,0.0,0,15,4.0,0.0,4.0,0.0,23.23076923076923,1
7,Canada,3,3,10,16,1908,0.0,0.0,0.0,0,25,15.0,4.0,19.0,0.0,23.23076923076923,1
9,Canada,3,2,3,8,1912,0.0,0.0,0.0,0,16,25.0,15.0,40.0,0.0,23.23076923076923,1
12,Canada,3,3,3,9,1920,0.0,0.0,0.0,0,18,16.0,25.0,41.0,0.0,23.23076923076923,1
20,Canada,0,3,1,4,1924,0.0,0.0,0.0,0,7,18.0,16.0,34.0,0.0,23.23076923076923,1
10,Canada,4,4,7,15,1928,0.0,0.0,0.0,0,27,7.0,18.0,25.0,0.0,23.23076923076923,1
17,Canada,1,3,5,9,1936,0.0,0.0,0.0,0,14,27.0,7.0,34.0,0.0,23.23076923076923,1
25,Canada,0,1,2,3,1948,0.0,0.0,0.0,0,4,14.0,27.0,41.0,0.0,23.23076923076923,1
21,Canada,1,2,0,3,1952,0.0,0.0,0.0,0,7,4.0,14.0,18.0,0.0,23.23076923076923,1
15,Canada,2,1,3,6,1956,0.0,0.0,0.0,0,11,7.0,4.0,11.0,0.0,23.23076923076923,1
22,Canada,1,2,1,4,1964,0.0,0.0,0.0,0,8,11.0,7.0,18.0,0.0,23.23076923076923,1
23,Canada,1,3,1,5,1968,0.0,0.0,0.0,0,10,8.0,11.0,19.0,0.0,23.23076923076923,1
27,Canada,0,2,3,5,1972,0.0,0.0,0.0,0,7,10.0,8.0,18.0,0.0,23.23076923076923,1
27,Canada,0,5,6,11,1976,0.0,0.0,0.0,0,16,7.0,10.0,17.0,0.0,23.23076923076923,1
6,Canada,10,18,16,44,1984,0.0,0.0,0.0,0,82,16.0,7.0,23.0,0.0,23.23076923076923,1
19,Canada,3,2,5,10,1988,0.0,0.0,0.0,0,18,82.0,16.0,98.0,0.0,23.23076923076923,1
11,Canada,7,4,7,18,1992,0.0,0.0,0.0,0,36,18.0,82.0,100.0,0.0,23.23076923076923,1
21,Canada,3,11,8,22,1996,0.0,0.0,0.0,0,39,36.0,18.0,54.0,0.0,23.23076923076923,1
24,Canada,3,3,8,14,2000,0.0,0.0,0.0,0,23,39.0,36.0,75.0,0.0,23.23076923076923,1
21,Canada,3,6,3,12,2004,0.0,0.0,0.0,0,24,23.0,39.0,62.0,0.0,23.23076923076923,1
20,Canada,3,9,8,20,2008,0.0,0.0,0.0,0,35,24.0,23.0,47.0,0.0,23.23076923076923,1
27,Canada,2,6,10,18,2012,0.0,0.0,0.0,0,28,35.0,24.0,59.0,0.0,23.23076923076923,1
20,Canada,4,3,15,22,2016,0.0,0.0,0.0,0,33,28.0,35.0,63.0,0.0,23.23076923076923,1
11,Canada,7,7,10,24,2020,0.0,0.0,0.0,0,45,33.0,28.0,61.0,0.0,23.23076923076923,1
12,Canada,9,7,11,27,2024,0.0,0.0,0.0,0,52,45.0,33.0,78.0,0.0,23.23076923076923,1
30,Chile,0,1,0,1,1928,0.0,0.0,0.0,0,2,0.0,0.0,0.0,0.0,3.625,1
31,Chile,0,2,0,2,1952,0.0,0.0,0.0,0,4,2.0,0.0,2.0,0.0,3.625,1
27,Chile,0,2,2,4,1956,0.0,0.0,0.0,0,6,4.0,2.0,6.0,0.0,3.625,1
36,Chile,0,1,0,1,1988,0.0,0.0,0.0,0,2,6.0,4.0,10.0,0.0,3.625,1
71,Chile,0,0,1,1,2000,0.0,0.0,0.0,0,1,2.0,6.0,8.0,0.0,3.625,1
39,Chile,2,0,1,3,2004,0.0,0.0,0.0,0,7,1.0,2.0,3.0,0.0,3.625,1
72,Chile,0,1,0,1,2008,0.0,0.0,0.0,0,2,7.0,1.0,8.0,0.0,3.625,1
55,Chile,1,1,0,2,2024,0.0,0.0,0.0,0,5,2.0,7.0,9.0,0.0,3.625,1
43,Chinese Taipei,0,0,1,1,1984,0.0,0.0,0.0,0,1,0.0,0.0,0.0,0.0,6.9,1
49,Chinese Taipei,0,1,0,1,1992,0.0,0.0,0.0,0,2,1.0,0.0,1.0,0.0,6.9,1
61,Chinese Taipei,0,1,0,1,1996,0.0,0.0,0.0,0,2,2.0,1.0,3.0,0.0,6.9,1
58,Chinese Taipei,0,1,4,5,2000,0.0,0.0,0.0,0,6,2.0,2.0,4.0,0.0,6.9,1
31,Chinese Taipei,2,2,1,5,2004,0.0,0.0,0.0,0,11,6.0,2.0,8.0,0.0,6.9,1
44,Chinese Taipei,1,1,2,4,2008,0.0,0.0,0.0,0,7,11.0,6.0,17.0,0.0,6.9,1
48,Chinese Taipei,1,0,1,2,2012,0.0,0.0,0.0,0,4,7.0,11.0,18.0,0.0,6.9,1
50,Chinese Taipei,1,0,2,3,2016,0.0,0.0,0.0,0,5,4.0,7.0,11.0,0.0,6.9,1
34,Chinese Taipei,2,4,6,12,2020,0.0,0.0,0.0,0,20,5.0,4.0,9.0,0.0,6.9,1
35,Chinese Taipei,2,0,5,7,2024,0.0,0.0,0.0,0,11,20.0,5.0,25.0,0.0,6.9,1
31,Colombia,0,1,2,3,1972,0.0,0.0,0.0,0,4,0.0,0.0,0.0,0.0,5.818181818181818,1
33,Colombia,0,1,0,1,1984,0.0,0.0,0.0,0,2,4.0,0.0,4.0,0.0,5.818181818181818,1
46,Colombia,0,0,1,1,1988,0.0,0.0,0.0,0,1,2.0,4.0,6.0,0.0,5.818181818181818,1
54,Colombia,0,0,1,1,1992,0.0,0.0,0.0,0,1,1.0,2.0,3.0,0.0,5.818181818181818,1
50,Colombia,1,0,0,1,2000,0.0,0.0,0.0,0,3,1.0,1.0,2.0,0.0,5.818181818181818,1
68,Colombia,0,0,2,2,2004,0.0,0.0,0.0,0,2,3.0,1.0,4.0,0.0,5.818181818181818,1
60,Colombia,0,2,1,3,2008,0.0,0.0,0.0,0,5,2.0,3.0,5.0,0.0,5.818181818181818,1
38,Colombia,1,3,5,9,2012,0.0,0.0,0.0,0,14,5.0,2.0,7.0,0.0,5.818181818181818,1
22,Colombia,3,2,3,8,2016,0.0,0.0,0.0,0,16,14.0,5.0,19.0,0.0,5.818181818181818,1
66,Colombia,0,4,1,5,2020,0.0,0.0,0.0,0,9,16.0,14.0,30.0,0.0,5.818181818181818,1
66,Colombia,0,3,1,4,2024,0.0,0.0,0.0,0,7,9.0,16.0,25.0,0.0,5.818181818181818,1
44,Croatia,0,1,2,3,1992,0.0,0.0,0.0,0,4,0.0,0.0,0.0,0.0,10.555555555555555,1
45,Croatia,1,1,0,2,1996,0.0,0.0,0.0,0,5,4.0,0.0,4.0,0.0,10.555555555555555,1
49,Croatia,1,0,1,2,2000,0.0,0.0,0.0,0,4,5.0,4.0,9.0,0.0,10.555555555555555,1
44,Croatia,1,2,2,5,2004,0.0,0.0,0.0,0,9,4.0,5.0,9.0,0.0,10.555555555555555,1
59,Croatia,0,2,3,5,2008,0.0,0.0,0.0,0,7,9.0,4.0,13.0,0.0,10.555555555555555,1
26,Croatia,3,1,2,6,2012,0.0,0.0,0.0,0,13,7.0,9.0,16.0,0.0,10.555555555555555,1
17,Croatia,5,3,2,10,2016,0.0,0.0,0.0,0,23,13.0,7.0,20.0,0.0,10.555555555555555,1
26,Croatia,3,3,2,8,2020,0.0,0.0,0.0,0,17,23.0,13.0,36.0,0.0,10.555555555555555,1
30,Croatia,2,2,3,7,2024,0.0,0.0,0.0,0,13,17.0,23.0,40.0,0.0,10.555555555555555,1
12,Cuba,1,1,0,2,1900,0.0,0.0,0.0,0,5,0.0,0.0,0.0,0.0,28.58823529411765,1
4,Cuba,3,0,0,3,1904,0.0,0.0,0.0,0,9,5.0,0.0,5.0,0.0,28.58823529411765,1
28,Cuba,0,1,0,1,1948,0.0,0.0,0.0,0,2,9.0,5.0,14.0,0.0,28.58823529411765,1
30,Cuba,0,1,0,1,1964,0.0,0.0,0.0,0,2,2.0,9.0,11.0,0.0,28.58823529411765,1
31,Cuba,0,4,0,4,1968,0.0,0.0,0.0,0,8,2.0,2.0,4.0,0.0,28.58823529411765,1
14,Cuba,3,1,4,8,1972,0.0,0.0,0.0,0,15,8.0,2.0,10.0,0.0,28.58823529411765,1
8,Cuba,6,4,3,13,1976,0.0,0.0,0.0,0,29,15.0,8.0,23.0,0.0,28.58823529411765,1
4,Cuba,8,7,5,20,1980,0.0,0.0,0.0,0,43,29.0,15.0,44.0,0.0,28.58823529411765,1
5,Cuba,14,6,11,31,1992,0.0,0.0,0.0,0,65,43.0,29.0,72.0,0.0,28.58823529411765,1
8,Cuba,9,8,8,25,1996,0.0,0.0,0.0,0,51,65.0,43.0,108.0,0.0,28.58823529411765,1
9,Cuba,11,11,7,29,2000,0.0,0.0,0.0,0,62,51.0,65.0,116.0,0.0,28.58823529411765,1
11,Cuba,9,7,11,27,2004,0.0,0.0,0.0,0,52,62.0,51.0,113.0,0.0,28.58823529411765,1
19,Cuba,3,10,17,30,2008,0.0,0.0,0.0,0,46,52.0,62.0,114.0,0.0,28.58823529411765,1
16,Cuba,5,3,7,15,2012,0.0,0.0,0.0,0,28,46.0,52.0,98.0,0.0,28.58823529411765,1
18,Cuba,5,2,4,11,2016,0.0,0.0,0.0,0,23,28.0,46.0,74.0,0.0,28.58823529411765,1
14,Cuba,7,3,5,15,2020,0.0,0.0,0.0,0,32,23.0,28.0,51.0,0.0,28.58823529411765,1
32,Cuba,2,1,6,9,2024,0.0,0.0,0.0,0,14,32.0,23.0,55.0,0.0,28.58823529411765,1
70,Cyprus,0,1,0,1,2012,0.0,0.0,0.0,0,2,0.0,0.0,0.0,0.0,2.0,1
74,Cyprus,0,1,0,1,2024,0.0,0.0,0.0,0,2,2.0,0.0,2.0,0.0,2.0,1
17,Czech Republic,4,3,4,11,1996,0.0,0.0,0.0,0,22,0.0,0.0,0.0,0.0,17.25,1
28,Czech Republic,2,3,3,8,2000,0.0,0.0,0.0,0,15,22.0,0.0,22.0,0.0,17.25,1
42,Czech Republic,1,3,5,9,2004,0.0,0.0,0.0,0,14,15.0,22.0,37.0,0.0,17.25,1
25,Czech Republic,3,3,1,7,2008,0.0,0.0,0.0,0,16,14.0,15.0,29.0,0.0,17.25,1
19,Czech Republic,4,4,3,11,2012,0.0,0.0,0.0,0,23,16.0,14.0,30.0,0.0,17.25,1
43,Czech Republic,1,2,7,10,2016,0.0,0.0,0.0,0,14,23.0,16.0,39.0,0.0,17.25,1
18,Czech Republic,4,4,3,11,2020,0.0,0.0,0.0,0,23,14.0,23.0,37.0,0.0,17.25,1
28,Czech Republic,3,0,2,5,2024,0.0,0.0,0.0,0,11,23.0,14.0,37.0,0.0,17.25,1
9,Denmark,1,2,3,6,1896,0.0,0.0,0.0,0,10,0.0,0.0,0.0,0.0,13.777777777777779,1
10,Denmark,1,3,2,6,1900,0.0,0.0,0.0,0,11,10.0,0.0,10.0,0.0,13.777777777777779,1
16,Denmark,0,2,3,5,1908,0.0,0.0,0.0,0,7,11.0,10.0,21.0,0.0,13.777777777777779,1
14,Denmark,1,6,5,12,1912,0.0,0.0,0.0,0,20,7.0,11.0,18.0,0.0,13.777777777777779,1
10,Denmark,3,9,1,13,1920,0.0,0.0,0.0,0,28,20.0,7.0,27.0,0.0,13.777777777777779,1
12,Denmark,2,5,2,9,1924,0.0,0.0,0.0,0,18,28.0,20.0,48.0,0.0,13.777777777777779,1
13,Denmark,3,1,2,6,1928,0.0,0.0,0.0,0,13,18.0,28.0,46.0,0.0,13.777777777777779,1
23,Denmark,0,2,3,5,1936,0.0,0.0,0.0,0,7,13.0,18.0,31.0,0.0,13.777777777777779,1
10,Denmark,5,7,8,20,1948,0.0,0.0,0.0,0,37,7.0,13.0,20.0,0.0,13.777777777777779,1
15,Denmark,2,1,3,6,1952,0.0,0.0,0.0,0,11,37.0,7.0,44.0,0.0,13.777777777777779,1
20,Denmark,1,2,1,4,1956,0.0,0.0,0.0,0,8,11.0,37.0,48.0,0.0,13.777777777777779,1
18,Denmark,2,1,3,6,1964,0.0,0.0,0.0,0,11,8.0,11.0,19.0,0.0,13.777777777777779,1
22,Denmark,1,4,3,8,1968,0.0,0.0,0.0,0,14,11.0,8.0,19.0,0.0,13.777777777777779,1
25,Denmark,1,0,0,1,1972,0.0,0.0,0.0,0,3,14.0,11.0,25.0,0.0,13.777777777777779,1
24,Denmark,1,0,2,3,1976,0.0,0.0,0.0,0,5,3.0,14.0,17.0,0.0,13.777777777777779,1
16,Denmark,2,1,2,5,1980,0.0,0.0,0.0,0,10,5.0,3.0,8.0,0.0,13.777777777777779,1
27,Denmark,0,3,3,6,1984,0.0,0.0,0.0,0,9,10.0,5.0,15.0,0.0,13.777777777777779,1
23,Denmark,2,1,1,4,1988,0.0,0.0,0.0,0,9,9.0,10.0,19.0,0.0,13.777777777777779,1
30,Denmark,1,1,4,6,1992,0.0,0.0,0.0,0,9,9.0,9.0,18.0,0.0,13.777777777777779,1
19,Denmark,4,1,1,6,1996,0.0,0.0,0.0,0,15,9.0,9.0,18.0,0.0,13.777777777777779,1
30,Denmark,2,3,1,6,2000,0.0,0.0,0.0,0,13,15.0,9.0,24.0,0.0,13.777777777777779,1
34,Denmark,2,1,5,8,2004,0.0,0.0,0.0,0,13,13.0,15.0,28.0,0.0,13.777777777777779,1
30,Denmark,2,2,3,7,2008,0.0,0.0,0.0,0,13,13.0,13.0,26.0,0.0,13.777777777777779,1
30,Denmark,2,4,3,9,2012,0.0,0.0,0.0,0,17,13.0,13.0,26.0,0.0,13.777777777777779,1
27,Denmark,2,6,7,15,2016,0.0,0.0,0.0,0,25,17.0,13.0,30.0,0.0,13.777777777777779,1
25,Denmark,3,4,4,11,2020,0.0,0.0,0.0,0,21,25.0,17.0,42.0,0.0,13.777777777777779,1
29,Denmark,2,2,5,9,2024,0.0,0.0,0.0,0,15,21.0,25.0,46.0,0.0,13.777777777777779,1
62,Dominica,1,0,0,1,2024,0.0,0.0,0.0,0,3,0.0,0.0,0.0,0.0,3.0,1
43,Dominican Republic,0,0,1,1,1984,0.0,0.0,0.0,0,1,0.0,0.0,0.0,0.0,4.0,1
54,Dominican Republic,1,0,0,1,2004,0.0,0.0,0.0,0,3,1.0,0.0,1.0,0.0,4.0,1
47,Dominican Republic,1,1,0,2,2008,0.0,0.0,0.0,0,5,3.0,1.0,4.0,0.0,4.0,1
47,Dominican Republic,1,1,0,2,2012,0.0,0.0,0.0,0,5,5.0,3.0,8.0,0.0,4.0,1
78,Dominican Republic,0,0,1,1,2016,0.0,0.0,0.0,0,1,5.0,5.0,10.0,0.0,4.0,1
68,Dominican Republic,0,3,2,5,2020,0.0,0.0,0.0,0,8,1.0,5.0,6.0,0.0,4.0,1
59,Dominican Republic,1,0,2,3,2024,0.0,0.0,0.0,0,5,8.0,1.0,9.0,0.0,4.0,1
49,Ecuador,1,0,0,1,1996,0.0,0.0,0.0,0,3,0.0,0.0,0.0,0.0,5.5,1
72,Ecuador,0,1,0,1,2008,0.0,0.0,0.0,0,2,3.0,0.0,3.0,0.0,5.5,1
38,Ecuador,2,1,0,3,2020,0.0,0.0,0.0,0,8,2.0,3.0,5.0,0.0,5.5,1
49,Ecuador,1,2,2,5,2024,0.0,0.0,0.0,0,9,8.0,2.0,10.0,0.0,5.5,1
17,Egypt,2,1,1,4,1928,0.0,0.0,0.0,0,9,0.0,0.0,0.0,0.0,6.181818181818182,1
16,Egypt,2,1,2,5,1936,0.0,0.0,0.0,0,10,9.0,0.0,9.0,0.0,6.181818181818182,1
16,Egypt,2,2,1,5,1948,0.0,0.0,0.0,0,11,10.0,9.0,19.0,0.0,6.181818181818182,1
40,Egypt,0,0,1,1,1952,0.0,0.0,0.0,0,1,11.0,10.0,21.0,0.0,6.181818181818182,1
33,Egypt,0,1,0,1,1984,0.0,0.0,0.0,0,2,1.0,11.0,12.0,0.0,6.181818181818182,1
46,Egypt,1,1,3,5,2004,0.0,0.0,0.0,0,8,2.0,1.0,3.0,0.0,6.181818181818182,1
81,Egypt,0,0,2,2,2008,0.0,0.0,0.0,0,2,8.0,2.0,10.0,0.0,6.181818181818182,1
56,Egypt,0,3,1,4,2012,0.0,0.0,0.0,0,7,2.0,8.0,10.0,0.0,6.181818181818182,1
75,Egypt,0,0,3,3,2016,0.0,0.0,0.0,0,3,7.0,2.0,9.0,0.0,6.181818181818182,1
54,Egypt,1,1,4,6,2020,0.0,0.0,0.0,0,9,3.0,7.0,10.0,0.0,6.181818181818182,1
52,Egypt,1,1,1,3,2024,0.0,0.0,0.0,0,6,9.0,3.0,12.0,0.0,6.181818181818182,1
14,Estonia,1,2,0,3,1920,0.0,0.0,0.0,0,7,0.0,0.0,0.0,0.0,5.909090909090909,1
17,Estonia,1,1,4,6,1924,0.0,0.0,0.0,0,9,7.0,0.0,7.0,0.0,5.909090909090909,1
16,Estonia,2,1,2,5,1928,0.0,0.0,0.0,0,10,9.0,7.0,16.0,0.0,5.909090909090909,1
14,Estonia,2,2,3,7,1936,0.0,0.0,0.0,0,13,10.0,9.0,19.0,0.0,5.909090909090909,1
34,Estonia,1,0,1,2,1992,0.0,0.0,0.0,0,4,13.0,10.0,23.0,0.0,5.909090909090909,1
47,Estonia,1,0,2,3,2000,0.0,0.0,0.0,0,5,4.0,13.0,17.0,0.0,5.909090909090909,1
64,Estonia,0,1,2,3,2004,0.0,0.0,0.0,0,4,5.0,4.0,9.0,0.0,5.909090909090909,1
47,Estonia,1,1,0,2,2008,0.0,0.0,0.0,0,5,4.0,5.0,9.0,0.0,5.909090909090909,1
65,Estonia,0,1,1,2,2012,0.0,0.0,0.0,0,3,5.0,4.0,9.0,0.0,5.909090909090909,1
78,Estonia,0,0,1,1,2016,0.0,0.0,0.0,0,1,3.0,5.0,8.0,0.0,5.909090909090909,1
59,Estonia,1,0,1,2,2020,0.0,0.0,0.0,0,4,1.0,3.0,4.0,0.0,5.909090909090909,1
24,Ethiopia,1,0,0,1,1964,0.0,0.0,0.0,0,3,0.0,0.0,0.0,0.0,9.384615384615385,1
25,Ethiopia,1,1,0,2,1968,0.0,0.0,0.0,0,5,3.0,0.0,3.0,0.0,9.384615384615385,1
41,Ethiopia,0,0,2,2,1972,0.0,0.0,0.0,0,2,5.0,3.0,8.0,0.0,9.384615384615385,1
17,Ethiopia,2,0,2,4,1980,0.0,0.0,0.0,0,8,2.0,5.0,7.0,0.0,9.384615384615385,1
33,Ethiopia,1,0,2,3,1992,0.0,0.0,0.0,0,5,8.0,2.0,10.0,0.0,9.384615384615385,1
34,Ethiopia,2,0,1,3,1996,0.0,0.0,0.0,0,7,5.0,8.0,13.0,0.0,9.384615384615385,1
20,Ethiopia,4,1,3,8,2000,0.0,0.0,0.0,0,17,7.0,5.0,12.0,0.0,9.384615384615385,1
28,Ethiopia,2,3,2,7,2004,0.0,0.0,0.0,0,14,17.0,7.0,24.0,0.0,9.384615384615385,1
17,Ethiopia,4,2,1,7,2008,0.0,0.0,0.0,0,17,14.0,17.0,31.0,0.0,9.384615384615385,1
25,Ethiopia,3,2,3,8,2012,0.0,0.0,0.0,0,16,17.0,14.0,31.0,0.0,9.384615384615385,1
44,Ethiopia,1,2,5,8,2016,0.0,0.0,0.0,0,12,16.0,17.0,33.0,0.0,9.384615384615385,1
56,Ethiopia,1,1,2,4,2020,0.0,0.0,0.0,0,7,12.0,16.0,28.0,0.0,9.384615384615385,1
47,Ethiopia,1,3,0,4,2024,0.0,0.0,0.0,0,9,7.0,12.0,19.0,0.0,9.384615384615385,1
4,FRA,5,4,2,11,1896,18.0,12.0,0.16822429906542055,0,25,0.0,0.0,0.0,0.29291811392211564,54.32142857142857,1
1,FRA,27,39,37,103,1900,81.0,715.0,0.3432203389830508,0,196,25.0,0.0,25.0,0.29291811392211564,54.32142857142857,1
13,FRA,0,1,0,1,1904,2.0,1.0,0.008928571428571428,0,2,196.0,25.0,221.0,0.29291811392211564,54.32142857142857,1
4,FRA,5,5,9,19,1908,54.0,208.0,0.20224719101123595,0,34,2.0,196.0,198.0,0.29291811392211564,54.32142857142857,1
5,FRA,7,4,3,14,1912,66.0,119.0,0.2796610169491525,0,32,34.0,2.0,36.0,0.29291811392211564,54.32142857142857,1
8,FRA,9,19,13,41,1920,113.0,304.0,0.31129476584022037,0,78,32.0,34.0,66.0,0.29291811392211564,54.32142857142857,1
3,FRA,13,15,10,38,1924,128.0,401.0,0.4383561643835616,0,79,78.0,32.0,110.0,0.29291811392211564,54.32142857142857,1
7,FRA,6,10,5,21,1928,112.0,255.0,0.4444444444444444,0,43,79.0,78.0,157.0,0.29291811392211564,54.32142857142857,1
6,FRA,7,6,6,19,1936,100.0,201.0,0.33112582781456956,0,39,43.0,79.0,122.0,0.29291811392211564,54.32142857142857,1
3,FRA,10,6,13,29,1948,135.0,316.0,0.4326923076923077,0,55,39.0,43.0,82.0,0.29291811392211564,54.32142857142857,1
7,FRA,6,6,6,18,1952,131.0,245.0,0.3875739644970414,0,36,55.0,39.0,94.0,0.29291811392211564,54.32142857142857,1
11,FRA,4,4,6,14,1956,101.0,145.0,0.2953216374269006,0,26,36.0,55.0,91.0,0.29291811392211564,54.32142857142857,1
21,FRA,1,8,6,15,1964,89.0,138.0,0.24054054054054055,0,25,26.0,36.0,62.0,0.29291811392211564,54.32142857142857,1
6,FRA,7,3,5,15,1968,107.0,200.0,0.2772020725388601,0,32,25.0,26.0,51.0,0.29291811392211564,54.32142857142857,1
17,FRA,2,4,7,13,1972,132.0,227.0,0.30068337129840544,0,21,32.0,25.0,57.0,0.29291811392211564,54.32142857142857,1
15,FRA,2,3,4,9,1976,128.0,206.0,0.2882882882882883,0,16,21.0,32.0,53.0,0.29291811392211564,54.32142857142857,1
8,FRA,6,5,3,14,1980,85.0,121.0,0.18722466960352424,0,31,16.0,21.0,37.0,0.29291811392211564,54.32142857142857,1
12,FRA,5,7,16,28,1984,139.0,238.0,0.28252032520325204,0,45,31.0,16.0,47.0,0.29291811392211564,54.32142857142857,1
9,FRA,6,4,6,16,1988,167.0,266.0,0.3162878787878788,0,32,45.0,31.0,76.0,0.29291811392211564,54.32142857142857,1
9,FRA,8,5,16,29,1992,196.0,339.0,0.34205933682373474,0,50,32.0,45.0,77.0,0.29291811392211564,54.32142857142857,1
5,FRA,15,7,15,37,1996,183.0,299.0,0.3029801324503311,0,74,50.0,32.0,82.0,0.29291811392211564,54.32142857142857,1
6,FRA,13,14,11,38,2000,196.0,336.0,0.2938530734632684,0,78,74.0,50.0,124.0,0.29291811392211564,54.32142857142857,1
7,FRA,11,9,13,33,2004,193.0,308.0,0.2884902840059791,0,64,78.0,74.0,152.0,0.29291811392211564,54.32142857142857,1
10,FRA,7,16,20,43,2008,205.0,309.0,0.30460624071322434,0,73,64.0,78.0,142.0,0.29291811392211564,54.32142857142857,1
7,FRA,11,11,13,35,2012,188.0,324.0,0.28059701492537314,0,68,73.0,64.0,137.0,0.29291811392211564,54.32142857142857,1
7,FRA,10,18,14,42,2016,202.0,392.0,0.2961876832844575,0,80,68.0,73.0,141.0,0.29291811392211564,54.32142857142857,1
8,FRA,10,12,11,33,2020,194.0,396.0,0.25492772667542707,0,65,80.0,68.0,148.0,0.29291811392211564,54.32142857142857,1
5,FRA,16,26,22,64,2024,223.0,601.0,0.3021680216802168,1,122,65.0,80.0,145.0,0.29291811392211564,54.32142857142857,1
54,Fiji,1,0,0,1,2016,0.0,0.0,0.0,0,3,0.0,0.0,0.0,0.0,3.0,1
59,Fiji,1,0,1,2,2020,0.0,0.0,0.0,0,4,3.0,0.0,3.0,0.0,3.0,1
74,Fiji,0,1,0,1,2024,0.0,0.0,0.0,0,2,4.0,3.0,7.0,0.0,3.0,1
13,Finland,1,1,3,5,1908,0.0,0.0,0.0,0,8,0.0,0.0,0.0,0.0,22.666666666666668,1
4,Finland,9,8,9,26,1912,0.0,0.0,0.0,0,52,8.0,0.0,8.0,0.0,22.666666666666668,1
3,Finland,15,10,9,34,1920,0.0,0.0,0.0,0,74,52.0,8.0,60.0,0.0,22.666666666666668,1
2,Finland,14,13,10,37,1924,0.0,0.0,0.0,0,78,74.0,52.0,126.0,0.0,22.666666666666668,1
3,Finland,8,8,9,25,1928,0.0,0.0,0.0,0,49,78.0,74.0,152.0,0.0,22.666666666666668,1
5,Finland,8,6,6,20,1936,0.0,0.0,0.0,0,42,49.0,78.0,127.0,0.0,22.666666666666668,1
6,Finland,8,7,5,20,1948,0.0,0.0,0.0,0,43,42.0,49.0,91.0,0.0,22.666666666666668,1
8,Finland,6,3,13,22,1952,0.0,0.0,0.0,0,37,43.0,42.0,85.0,0.0,22.666666666666668,1
13,Finland,3,1,11,15,1956,0.0,0.0,0.0,0,22,37.0,43.0,80.0,0.0,22.666666666666668,1
12,Finland,3,0,2,5,1964,0.0,0.0,0.0,0,11,22.0,37.0,59.0,0.0,22.666666666666668,1
24,Finland,1,2,1,4,1968,0.0,0.0,0.0,0,8,11.0,22.0,33.0,0.0,22.666666666666668,1
14,Finland,3,1,4,8,1972,0.0,0.0,0.0,0,15,8.0,11.0,19.0,0.0,22.666666666666668,1
11,Finland,4,2,0,6,1976,0.0,0.0,0.0,0,16,15.0,8.0,23.0,0.0,22.666666666666668,1
12,Finland,3,1,4,8,1980,0.0,0.0,0.0,0,15,16.0,15.0,31.0,0.0,22.666666666666668,1
15,Finland,4,2,6,12,1984,0.0,0.0,0.0,0,22,15.0,16.0,31.0,0.0,22.666666666666668,1
25,Finland,1,1,2,4,1988,0.0,0.0,0.0,0,7,22.0,15.0,37.0,0.0,22.666666666666668,1
29,Finland,1,2,2,5,1992,0.0,0.0,0.0,0,9,7.0,22.0,29.0,0.0,22.666666666666668,1
40,Finland,1,2,1,4,1996,0.0,0.0,0.0,0,8,9.0,7.0,16.0,0.0,22.666666666666668,1
31,Finland,2,1,1,4,2000,0.0,0.0,0.0,0,9,8.0,9.0,17.0,0.0,22.666666666666668,1
61,Finland,0,2,0,2,2004,0.0,0.0,0.0,0,4,9.0,8.0,17.0,0.0,22.666666666666668,1
44,Finland,1,1,2,4,2008,0.0,0.0,0.0,0,7,4.0,9.0,13.0,0.0,22.666666666666668,1
60,Finland,0,2,1,3,2012,0.0,0.0,0.0,0,5,7.0,4.0,11.0,0.0,22.666666666666668,1
78,Finland,0,0,1,1,2016,0.0,0.0,0.0,0,1,5.0,7.0,12.0,0.0,22.666666666666668,1
85,Finland,0,0,2,2,2020,0.0,0.0,0.0,0,2,1.0,5.0,6.0,0.0,22.666666666666668,1
5,GBR,2,3,2,7,1896,19.0,10.0,0.17757009345794392,0,14,0.0,0.0,0.0,0.3050009128926436,66.21428571428571,1
3,GBR,15,7,9,31,1900,39.0,104.0,0.1652542372881356,0,68,14.0,0.0,14.0,0.3050009128926436,66.21428571428571,1
9,GBR,1,1,0,2,1904,4.0,6.0,0.017857142857142856,0,5,68.0,14.0,82.0,0.3050009128926436,66.21428571428571,1
1,GBR,56,51,39,146,1908,108.0,732.0,0.4044943820224719,0,309,5.0,68.0,73.0,0.3050009128926436,66.21428571428571,1
3,GBR,10,15,16,41,1912,79.0,273.0,0.3347457627118644,0,76,309.0,5.0,314.0,0.3050009128926436,66.21428571428571,1
4,GBR,14,15,13,42,1920,84.0,234.0,0.23140495867768596,0,85,76.0,309.0,385.0,0.3050009128926436,66.21428571428571,1
4,GBR,9,13,12,34,1924,115.0,267.0,0.3938356164383562,0,65,85.0,76.0,161.0,0.3050009128926436,66.21428571428571,1
11,GBR,3,10,7,20,1928,84.0,231.0,0.3333333333333333,0,36,65.0,85.0,150.0,0.3050009128926436,66.21428571428571,1
12,GBR,4,7,3,14,1936,91.0,208.0,0.30132450331125826,0,29,36.0,65.0,101.0,0.3050009128926436,66.21428571428571,1
12,GBR,3,14,6,23,1948,139.0,406.0,0.44551282051282054,0,43,29.0,36.0,65.0,0.3050009128926436,66.21428571428571,1
18,GBR,1,2,8,11,1952,127.0,256.0,0.3757396449704142,0,15,43.0,29.0,72.0,0.3050009128926436,66.21428571428571,1
8,GBR,6,7,11,24,1956,113.0,197.0,0.3304093567251462,0,43,15.0,43.0,58.0,0.3050009128926436,66.21428571428571,1
10,GBR,4,12,2,18,1964,124.0,204.0,0.33513513513513515,0,38,43.0,15.0,58.0,0.3050009128926436,66.21428571428571,1
10,GBR,5,5,3,13,1968,133.0,225.0,0.344559585492228,0,28,38.0,43.0,81.0,0.3050009128926436,66.21428571428571,1
12,GBR,4,5,9,18,1972,159.0,284.0,0.3621867881548975,0,31,28.0,38.0,66.0,0.3050009128926436,66.21428571428571,1
13,GBR,3,5,5,13,1976,148.0,242.0,0.3333333333333333,0,24,31.0,28.0,59.0,0.3050009128926436,66.21428571428571,1
9,GBR,5,7,9,21,1980,145.0,219.0,0.31938325991189426,0,38,24.0,31.0,55.0,0.3050009128926436,66.21428571428571,1
11,GBR,5,11,21,37,1984,190.0,337.0,0.3861788617886179,0,58,38.0,24.0,62.0,0.3050009128926436,66.21428571428571,1
12,GBR,5,10,9,24,1988,191.0,345.0,0.36174242424242425,0,44,58.0,38.0,96.0,0.3050009128926436,66.21428571428571,1
13,GBR,5,3,12,20,1992,203.0,371.0,0.3542757417102967,0,33,44.0,58.0,102.0,0.3050009128926436,66.21428571428571,1
36,GBR,1,8,6,15,1996,175.0,300.0,0.2897350993377483,0,25,33.0,44.0,77.0,0.3050009128926436,66.21428571428571,1
10,GBR,11,10,7,28,2000,179.0,309.0,0.2683658170914543,0,60,25.0,33.0,58.0,0.3050009128926436,66.21428571428571,1
10,GBR,9,9,12,30,2004,162.0,264.0,0.242152466367713,0,57,60.0,25.0,85.0,0.3050009128926436,66.21428571428571,1
4,GBR,19,13,19,51,2008,185.0,303.0,0.274888558692422,0,102,57.0,60.0,117.0,0.3050009128926436,66.21428571428571,1
3,GBR,29,18,18,65,2012,249.0,530.0,0.3716417910447761,1,141,102.0,57.0,159.0,0.3050009128926436,66.21428571428571,1
2,GBR,27,23,17,67,2016,198.0,360.0,0.2903225806451613,0,144,141.0,102.0,243.0,0.3050009128926436,66.21428571428571,1
4,GBR,22,20,22,64,2020,197.0,392.0,0.2588699080157687,0,128,144.0,141.0,285.0,0.3050009128926436,66.21428571428571,1
7,GBR,14,22,29,65,2024,174.0,343.0,0.23577235772357724,0,115,128.0,144.0,272.0,0.3050009128926436,66.21428571428571,1
68,Georgia,0,0,2,2,1996,0.0,0.0,0.0,0,2,0.0,0.0,0.0,0.0,11.0,1
68,Georgia,0,0,6,6,2000,0.0,0.0,0.0,0,6,2.0,0.0,2.0,0.0,11.0,1
32,Georgia,2,2,0,4,2004,0.0,0.0,0.0,0,10,6.0,2.0,8.0,0.0,11.0,1
28,Georgia,3,2,2,7,2008,0.0,0.0,0.0,0,15,10.0,6.0,16.0,0.0,11.0,1
40,Georgia,1,2,3,6,2012,0.0,0.0,0.0,0,10,15.0,10.0,25.0,0.0,11.0,1
38,Georgia,2,1,4,7,2016,0.0,0.0,0.0,0,12,10.0,15.0,25.0,0.0,11.0,1
33,Georgia,2,5,1,8,2020,0.0,0.0,0.0,0,17,12.0,10.0,22.0,0.0,11.0,1
24,Georgia,3,3,1,7,2024,0.0,0.0,0.0,0,16,17.0,12.0,29.0,0.0,11.0,1
3,Germany,6,5,2,13,1896,0.0,0.0,0.0,0,30,0.0,0.0,0.0,0.15445707880571358,94.44444444444444,1
7,Germany,4,3,2,9,1900,0.0,0.0,0.0,0,20,30.0,0.0,30.0,0.15445707880571358,94.44444444444444,1
2,Germany,4,5,6,15,1904,0.0,0.0,0.0,0,28,20.0,30.0,50.0,0.15445707880571358,94.44444444444444,1
5,Germany,3,5,5,13,1908,0.0,0.0,0.0,0,24,28.0,20.0,48.0,0.15445707880571358,94.44444444444444,1
6,Germany,5,13,7,25,1912,0.0,0.0,0.0,0,48,24.0,28.0,52.0,0.15445707880571358,94.44444444444444,1
2,Germany,10,7,14,31,1928,0.0,0.0,0.0,0,58,48.0,24.0,72.0,0.15445707880571358,94.44444444444444,1
1,Germany,38,31,32,101,1936,0.0,0.0,0.0,0,208,58.0,48.0,106.0,0.15445707880571358,94.44444444444444,1
28,Germany,0,7,17,24,1952,0.0,0.0,0.0,0,31,208.0,58.0,266.0,0.15445707880571358,94.44444444444444,1
5,Germany,9,9,7,25,1968,166.0,499.0,0.43005181347150256,0,52,31.0,208.0,239.0,0.15445707880571358,94.44444444444444,1
8,Germany,5,11,10,26,1968,166.0,499.0,0.43005181347150256,0,47,52.0,31.0,83.0,0.15445707880571358,94.44444444444444,1
3,Germany,20,23,23,66,1972,189.0,721.0,0.4305239179954442,1,129,47.0,52.0,99.0,0.15445707880571358,94.44444444444444,1
4,Germany,13,11,16,40,1972,189.0,721.0,0.4305239179954442,1,77,129.0,47.0,176.0,0.15445707880571358,94.44444444444444,1
2,Germany,40,25,25,90,1976,187.0,557.0,0.42117117117117114,0,195,77.0,129.0,206.0,0.15445707880571358,94.44444444444444,1
4,Germany,10,12,17,39,1976,187.0,557.0,0.42117117117117114,0,71,195.0,77.0,272.0,0.15445707880571358,94.44444444444444,1
2,Germany,47,37,42,126,1980,167.0,346.0,0.36784140969163,0,257,71.0,195.0,266.0,0.15445707880571358,94.44444444444444,1
3,Germany,17,19,23,59,1984,194.0,389.0,0.3943089430894309,0,112,257.0,71.0,328.0,0.15445707880571358,94.44444444444444,1
2,Germany,37,35,30,102,1988,223.0,605.0,0.42234848484848486,0,211,112.0,257.0,369.0,0.15445707880571358,94.44444444444444,1
5,Germany,11,14,15,40,1988,223.0,605.0,0.42234848484848486,0,76,211.0,112.0,323.0,0.15445707880571358,94.44444444444444,1
3,Germany,33,21,28,82,1992,0.0,0.0,0.0,0,169,76.0,211.0,287.0,0.15445707880571358,94.44444444444444,1
3,Germany,20,18,27,65,1996,0.0,0.0,0.0,0,123,169.0,76.0,245.0,0.15445707880571358,94.44444444444444,1
5,Germany,13,17,26,56,2000,0.0,0.0,0.0,0,99,123.0,169.0,292.0,0.15445707880571358,94.44444444444444,1
6,Germany,13,16,20,49,2004,0.0,0.0,0.0,0,91,99.0,123.0,222.0,0.15445707880571358,94.44444444444444,1
5,Germany,16,11,14,41,2008,0.0,0.0,0.0,0,84,91.0,99.0,190.0,0.15445707880571358,94.44444444444444,1
6,Germany,11,20,13,44,2012,0.0,0.0,0.0,0,86,84.0,91.0,175.0,0.15445707880571358,94.44444444444444,1
5,Germany,17,10,15,42,2016,0.0,0.0,0.0,0,86,86.0,84.0,170.0,0.15445707880571358,94.44444444444444,1
9,Germany,10,11,16,37,2020,0.0,0.0,0.0,0,68,86.0,86.0,172.0,0.15445707880571358,94.44444444444444,1
10,Germany,12,13,8,33,2024,0.0,0.0,0.0,0,70,68.0,86.0,154.0,0.15445707880571358,94.44444444444444,1
35,Ghana,0,0,1,1,1964,0.0,0.0,0.0,0,1,0.0,0.0,0.0,0.0,1.0,1
43,Ghana,0,0,1,1,1972,0.0,0.0,0.0,0,1,1.0,0.0,1.0,0.0,1.0,1
54,Ghana,0,0,1,1,1992,0.0,0.0,0.0,0,1,1.0,1.0,2.0,0.0,1.0,1
86,Ghana,0,0,1,1,2020,0.0,0.0,0.0,0,1,1.0,1.0,2.0,0.0,1.0,1
2,Greece,10,18,19,47,1896,0.0,0.0,0.0,0,85,0.0,0.0,0.0,0.0,12.2,1
11,Greece,1,0,1,2,1904,0.0,0.0,0.0,0,4,85.0,0.0,85.0,0.0,12.2,1
15,Greece,0,3,1,4,1908,0.0,0.0,0.0,0,7,4.0,85.0,89.0,0.0,12.2,1
15,Greece,1,0,1,2,1912,0.0,0.0,0.0,0,4,7.0,4.0,11.0,0.0,12.2,1
19,Greece,0,1,0,1,1920,0.0,0.0,0.0,0,2,4.0,7.0,11.0,0.0,12.2,1
35,Greece,0,0,1,1,1956,0.0,0.0,0.0,0,1,2.0,4.0,6.0,0.0,12.2,1
42,Greece,0,0,1,1,1968,0.0,0.0,0.0,0,1,1.0,2.0,3.0,0.0,12.2,1
29,Greece,0,2,0,2,1972,0.0,0.0,0.0,0,4,1.0,1.0,2.0,0.0,12.2,1
22,Greece,1,0,2,3,1980,0.0,0.0,0.0,0,5,4.0,1.0,5.0,0.0,12.2,1
30,Greece,0,1,1,2,1984,0.0,0.0,0.0,0,3,5.0,4.0,9.0,0.0,12.2,1
46,Greece,0,0,1,1,1988,0.0,0.0,0.0,0,1,3.0,5.0,8.0,0.0,12.2,1
26,Greece,2,0,0,2,1992,0.0,0.0,0.0,0,6,1.0,3.0,4.0,0.0,12.2,1
16,Greece,4,4,0,8,1996,0.0,0.0,0.0,0,20,6.0,1.0,7.0,0.0,12.2,1
17,Greece,4,6,3,13,2000,0.0,0.0,0.0,0,27,20.0,6.0,26.0,0.0,12.2,1
15,Greece,6,6,4,16,2004,0.0,0.0,0.0,0,34,27.0,20.0,47.0,0.0,12.2,1
60,Greece,0,2,1,3,2008,0.0,0.0,0.0,0,5,34.0,27.0,61.0,0.0,12.2,1
77,Greece,0,0,2,2,2012,0.0,0.0,0.0,0,2,5.0,34.0,39.0,0.0,12.2,1
25,Greece,3,1,2,6,2016,0.0,0.0,0.0,0,13,2.0,5.0,7.0,0.0,12.2,1
36,Greece,2,1,1,4,2020,0.0,0.0,0.0,0,9,13.0,2.0,15.0,0.0,12.2,1
51,Greece,1,1,6,8,2024,0.0,0.0,0.0,0,11,9.0,13.0,22.0,0.0,12.2,1
50,Grenada,1,0,0,1,2012,0.0,0.0,0.0,0,3,0.0,0.0,0.0,0.0,2.0,1
69,Grenada,0,1,0,1,2016,0.0,0.0,0.0,0,2,3.0,0.0,3.0,0.0,2.0,1
86,Grenada,0,0,1,1,2020,0.0,0.0,0.0,0,1,2.0,3.0,5.0,0.0,2.0,1
80,Grenada,0,0,2,2,2024,0.0,0.0,0.0,0,2,1.0,2.0,3.0,0.0,2.0,1
70,Guatemala,0,1,0,1,2012,0.0,0.0,0.0,0,2,0.0,0.0,0.0,0.0,3.0,1
60,Guatemala,1,0,1,2,2024,0.0,0.0,0.0,0,4,2.0,0.0,2.0,0.0,3.0,1
49,Hong Kong,1,0,0,1,1996,0.0,0.0,0.0,0,3,0.0,0.0,0.0,0.0,4.8,1
65,Hong Kong,0,1,0,1,2004,0.0,0.0,0.0,0,2,3.0,0.0,3.0,0.0,4.8,1
79,Hong Kong,0,0,1,1,2012,0.0,0.0,0.0,0,1,2.0,3.0,5.0,0.0,4.8,1
49,Hong Kong,1,2,3,6,2020,0.0,0.0,0.0,0,10,1.0,2.0,3.0,0.0,4.8,1
37,Hong Kong,2,0,2,4,2024,0.0,0.0,0.0,0,8,10.0,1.0,11.0,0.0,4.8,1
6,Hungary,2,1,3,6,1896,0.0,0.0,0.0,0,11,0.0,0.0,0.0,0.0,38.19230769230769,1
11,Hungary,1,2,2,5,1900,0.0,0.0,0.0,0,9,11.0,0.0,11.0,0.0,38.19230769230769,1
5,Hungary,2,1,1,4,1904,0.0,0.0,0.0,0,9,9.0,11.0,20.0,0.0,38.19230769230769,1
6,Hungary,3,4,2,9,1908,0.0,0.0,0.0,0,19,9.0,9.0,18.0,0.0,38.19230769230769,1
9,Hungary,3,2,3,8,1912,0.0,0.0,0.0,0,16,19.0,9.0,28.0,0.0,38.19230769230769,1
13,Hungary,2,3,4,9,1924,0.0,0.0,0.0,0,16,16.0,19.0,35.0,0.0,38.19230769230769,1
9,Hungary,4,5,0,9,1928,0.0,0.0,0.0,0,22,16.0,16.0,32.0,0.0,38.19230769230769,1
3,Hungary,10,1,5,16,1936,0.0,0.0,0.0,0,37,22.0,16.0,38.0,0.0,38.19230769230769,1
4,Hungary,10,5,12,27,1948,0.0,0.0,0.0,0,52,37.0,22.0,59.0,0.0,38.19230769230769,1
3,Hungary,16,10,16,42,1952,0.0,0.0,0.0,0,84,52.0,37.0,89.0,0.0,38.19230769230769,1
4,Hungary,9,10,7,26,1956,0.0,0.0,0.0,0,54,84.0,52.0,136.0,0.0,38.19230769230769,1
6,Hungary,10,7,5,22,1964,0.0,0.0,0.0,0,49,54.0,84.0,138.0,0.0,38.19230769230769,1
4,Hungary,10,10,12,32,1968,0.0,0.0,0.0,0,62,49.0,54.0,103.0,0.0,38.19230769230769,1
8,Hungary,6,13,16,35,1972,0.0,0.0,0.0,0,60,62.0,49.0,111.0,0.0,38.19230769230769,1
10,Hungary,4,5,13,22,1976,0.0,0.0,0.0,0,35,60.0,62.0,122.0,0.0,38.19230769230769,1
6,Hungary,7,10,15,32,1980,0.0,0.0,0.0,0,56,35.0,60.0,95.0,0.0,38.19230769230769,1
6,Hungary,11,6,6,23,1988,0.0,0.0,0.0,0,51,56.0,35.0,91.0,0.0,38.19230769230769,1
8,Hungary,11,12,7,30,1992,0.0,0.0,0.0,0,64,51.0,56.0,107.0,0.0,38.19230769230769,1
12,Hungary,7,4,10,21,1996,0.0,0.0,0.0,0,39,64.0,51.0,115.0,0.0,38.19230769230769,1
13,Hungary,8,6,3,17,2000,0.0,0.0,0.0,0,39,39.0,64.0,103.0,0.0,38.19230769230769,1
12,Hungary,8,6,3,17,2004,0.0,0.0,0.0,0,39,39.0,39.0,78.0,0.0,38.19230769230769,1
21,Hungary,3,5,2,10,2008,0.0,0.0,0.0,0,21,39.0,39.0,78.0,0.0,38.19230769230769,1
10,Hungary,8,4,6,18,2012,0.0,0.0,0.0,0,38,21.0,39.0,60.0,0.0,38.19230769230769,1
12,Hungary,8,3,4,15,2016,0.0,0.0,0.0,0,34,38.0,21.0,59.0,0.0,38.19230769230769,1
15,Hungary,6,7,7,20,2020,0.0,0.0,0.0,0,39,34.0,38.0,72.0,0.0,38.19230769230769,1
14,Hungary,6,7,6,19,2024,0.0,0.0,0.0,0,38,39.0,34.0,73.0,0.0,38.19230769230769,1
19,India,0,2,0,2,1900,0.0,0.0,0.0,0,4,0.0,0.0,0.0,0.0,3.6666666666666665,1
24,India,1,0,0,1,1928,0.0,0.0,0.0,0,3,4.0,0.0,4.0,0.0,3.6666666666666665,1
20,India,1,0,0,1,1936,0.0,0.0,0.0,0,3,3.0,4.0,7.0,0.0,3.6666666666666665,1
22,India,1,0,0,1,1948,0.0,0.0,0.0,0,3,3.0,3.0,6.0,0.0,3.6666666666666665,1
26,India,1,0,1,2,1952,0.0,0.0,0.0,0,4,3.0,3.0,6.0,0.0,3.6666666666666665,1
24,India,1,0,0,1,1956,0.0,0.0,0.0,0,3,4.0,3.0,7.0,0.0,3.6666666666666665,1
24,India,1,0,0,1,1964,0.0,0.0,0.0,0,3,3.0,4.0,7.0,0.0,3.6666666666666665,1
42,India,0,0,1,1,1968,0.0,0.0,0.0,0,1,3.0,3.0,6.0,0.0,3.6666666666666665,1
43,India,0,0,1,1,1972,0.0,0.0,0.0,0,1,1.0,3.0,4.0,0.0,3.6666666666666665,1
23,India,1,0,0,1,1980,0.0,0.0,0.0,0,3,1.0,1.0,2.0,0.0,3.6666666666666665,1
71,India,0,0,1,1,1996,0.0,0.0,0.0,0,1,3.0,1.0,4.0,0.0,3.6666666666666665,1
71,India,0,0,1,1,2000,0.0,0.0,0.0,0,1,1.0,3.0,4.0,0.0,3.6666666666666665,1
65,India,0,1,0,1,2004,0.0,0.0,0.0,0,2,1.0,1.0,2.0,0.0,3.6666666666666665,1
51,India,1,0,2,3,2008,0.0,0.0,0.0,0,5,2.0,1.0,3.0,0.0,3.6666666666666665,1
57,India,0,2,4,6,2012,0.0,0.0,0.0,0,8,5.0,2.0,7.0,0.0,3.6666666666666665,1
67,India,0,1,1,2,2016,0.0,0.0,0.0,0,3,8.0,5.0,13.0,0.0,3.6666666666666665,1
48,India,1,2,4,7,2020,0.0,0.0,0.0,0,11,3.0,8.0,11.0,0.0,3.6666666666666665,1
71,India,0,1,5,6,2024,0.0,0.0,0.0,0,7,11.0,3.0,14.0,0.0,3.6666666666666665,1
36,Indonesia,0,1,0,1,1988,0.0,0.0,0.0,0,2,0.0,0.0,0.0,0.0,7.4,1
24,Indonesia,2,2,1,5,1992,0.0,0.0,0.0,0,11,2.0,0.0,2.0,0.0,7.4,1
41,Indonesia,1,1,2,4,1996,0.0,0.0,0.0,0,7,11.0,2.0,13.0,0.0,7.4,1
38,Indonesia,1,3,2,6,2000,0.0,0.0,0.0,0,11,7.0,11.0,18.0,0.0,7.4,1
48,Indonesia,1,1,2,4,2004,0.0,0.0,0.0,0,7,11.0,7.0,18.0,0.0,7.4,1
40,Indonesia,1,1,4,6,2008,0.0,0.0,0.0,0,9,7.0,11.0,18.0,0.0,7.4,1
60,Indonesia,0,2,1,3,2012,0.0,0.0,0.0,0,5,9.0,7.0,16.0,0.0,7.4,1
46,Indonesia,1,2,0,3,2016,0.0,0.0,0.0,0,7,5.0,9.0,14.0,0.0,7.4,1
55,Indonesia,1,1,3,5,2020,0.0,0.0,0.0,0,8,7.0,5.0,12.0,0.0,7.4,1
39,Indonesia,2,0,1,3,2024,0.0,0.0,0.0,0,7,8.0,7.0,15.0,0.0,7.4,1
34,Iran,0,0,1,1,1948,0.0,0.0,0.0,0,1,0.0,0.0,0.0,0.0,9.764705882352942,1
30,Iran,0,3,4,7,1952,0.0,0.0,0.0,0,10,1.0,0.0,1.0,0.0,9.764705882352942,1
14,Iran,2,2,1,5,1956,0.0,0.0,0.0,0,11,10.0,1.0,11.0,0.0,9.764705882352942,1
34,Iran,0,0,2,2,1964,0.0,0.0,0.0,0,2,11.0,10.0,21.0,0.0,9.764705882352942,1
19,Iran,2,1,2,5,1968,0.0,0.0,0.0,0,10,2.0,11.0,13.0,0.0,9.764705882352942,1
28,Iran,0,2,1,3,1972,0.0,0.0,0.0,0,5,10.0,2.0,12.0,0.0,9.764705882352942,1
33,Iran,0,1,1,2,1976,0.0,0.0,0.0,0,3,5.0,10.0,15.0,0.0,9.764705882352942,1
36,Iran,0,1,0,1,1988,0.0,0.0,0.0,0,2,3.0,5.0,8.0,0.0,9.764705882352942,1
44,Iran,0,1,2,3,1992,0.0,0.0,0.0,0,4,2.0,3.0,5.0,0.0,9.764705882352942,1
43,Iran,1,1,1,3,1996,0.0,0.0,0.0,0,6,4.0,2.0,6.0,0.0,9.764705882352942,1
27,Iran,3,0,1,4,2000,0.0,0.0,0.0,0,10,6.0,4.0,10.0,0.0,9.764705882352942,1
29,Iran,2,2,2,6,2004,0.0,0.0,0.0,0,12,10.0,6.0,16.0,0.0,9.764705882352942,1
52,Iran,1,0,1,2,2008,0.0,0.0,0.0,0,4,12.0,10.0,22.0,0.0,9.764705882352942,1
12,Iran,7,5,1,13,2012,0.0,0.0,0.0,0,32,4.0,12.0,16.0,0.0,9.764705882352942,1
24,Iran,3,1,4,8,2016,0.0,0.0,0.0,0,15,32.0,4.0,36.0,0.0,9.764705882352942,1
27,Iran,3,2,2,7,2020,0.0,0.0,0.0,0,15,15.0,32.0,47.0,0.0,9.764705882352942,1
21,Iran,3,6,3,12,2024,0.0,0.0,0.0,0,24,15.0,15.0,30.0,0.0,9.764705882352942,1
24,Ireland,1,0,0,1,1928,0.0,0.0,0.0,0,3,0.0,0.0,0.0,0.0,5.428571428571429,1
34,Ireland,0,1,0,1,1952,0.0,0.0,0.0,0,2,3.0,0.0,3.0,0.0,5.428571428571429,1
21,Ireland,1,1,3,5,1956,0.0,0.0,0.0,0,8,2.0,3.0,5.0,0.0,5.428571428571429,1
35,Ireland,0,0,1,1,1964,0.0,0.0,0.0,0,1,8.0,2.0,10.0,0.0,5.428571428571429,1
31,Ireland,0,1,1,2,1980,0.0,0.0,0.0,0,3,1.0,8.0,9.0,0.0,5.428571428571429,1
33,Ireland,0,1,0,1,1984,0.0,0.0,0.0,0,2,3.0,1.0,4.0,0.0,5.428571428571429,1
32,Ireland,1,1,0,2,1992,0.0,0.0,0.0,0,5,2.0,3.0,5.0,0.0,5.428571428571429,1
28,Ireland,3,0,1,4,1996,0.0,0.0,0.0,0,10,5.0,2.0,7.0,0.0,5.428571428571429,1
64,Ireland,0,1,0,1,2000,0.0,0.0,0.0,0,2,10.0,5.0,15.0,0.0,5.428571428571429,1
64,Ireland,0,1,2,3,2008,0.0,0.0,0.0,0,4,2.0,10.0,12.0,0.0,5.428571428571429,1
41,Ireland,1,1,4,6,2012,0.0,0.0,0.0,0,9,4.0,2.0,6.0,0.0,5.428571428571429,1
63,Ireland,0,2,0,2,2016,0.0,0.0,0.0,0,4,9.0,4.0,13.0,0.0,5.428571428571429,1
39,Ireland,2,0,2,4,2020,0.0,0.0,0.0,0,8,4.0,9.0,13.0,0.0,5.428571428571429,1
19,Ireland,4,0,3,7,2024,0.0,0.0,0.0,0,15,8.0,4.0,12.0,0.0,5.428571428571429,1
48,Israel,0,1,1,2,1992,0.0,0.0,0.0,0,3,0.0,0.0,0.0,0.0,4.25,1
71,Israel,0,0,1,1,1996,0.0,0.0,0.0,0,1,3.0,0.0,3.0,0.0,4.25,1
71,Israel,0,0,1,1,2000,0.0,0.0,0.0,0,1,1.0,3.0,4.0,0.0,4.25,1
52,Israel,1,0,1,2,2004,0.0,0.0,0.0,0,4,1.0,1.0,2.0,0.0,4.25,1
82,Israel,0,0,1,1,2008,0.0,0.0,0.0,0,1,4.0,1.0,5.0,0.0,4.25,1
77,Israel,0,0,2,2,2016,0.0,0.0,0.0,0,2,1.0,4.0,5.0,0.0,4.25,1
39,Israel,2,0,2,4,2020,0.0,0.0,0.0,0,8,2.0,1.0,3.0,0.0,4.25,1
41,Israel,1,5,1,7,2024,0.0,0.0,0.0,0,14,8.0,2.0,10.0,0.0,4.25,1
8,Italy,3,2,0,5,1900,0.0,0.0,0.0,0,13,0.0,0.0,0.0,0.0,45.53846153846154,1
9,Italy,2,2,0,4,1908,0.0,0.0,0.0,0,10,13.0,0.0,13.0,0.0,45.53846153846154,1
11,Italy,3,1,2,6,1912,0.0,0.0,0.0,0,13,10.0,13.0,23.0,0.0,45.53846153846154,1
7,Italy,13,5,5,23,1920,0.0,0.0,0.0,0,54,13.0,10.0,23.0,0.0,45.53846153846154,1
5,Italy,8,3,5,16,1924,0.0,0.0,0.0,0,35,54.0,13.0,67.0,0.0,45.53846153846154,1
5,Italy,7,5,7,19,1928,0.0,0.0,0.0,0,38,35.0,54.0,89.0,0.0,45.53846153846154,1
4,Italy,9,13,5,27,1936,0.0,0.0,0.0,0,58,38.0,35.0,73.0,0.0,45.53846153846154,1
5,Italy,8,11,8,27,1948,0.0,0.0,0.0,0,54,58.0,38.0,96.0,0.0,45.53846153846154,1
5,Italy,8,9,4,21,1952,0.0,0.0,0.0,0,46,54.0,58.0,112.0,0.0,45.53846153846154,1
5,Italy,8,8,9,25,1956,0.0,0.0,0.0,0,49,46.0,54.0,100.0,0.0,45.53846153846154,1
5,Italy,10,10,7,27,1964,0.0,0.0,0.0,0,57,49.0,46.0,95.0,0.0,45.53846153846154,1
13,Italy,3,4,9,16,1968,0.0,0.0,0.0,0,26,57.0,49.0,106.0,0.0,45.53846153846154,1
10,Italy,5,3,10,18,1972,0.0,0.0,0.0,0,31,26.0,57.0,83.0,0.0,45.53846153846154,1
14,Italy,2,7,4,13,1976,0.0,0.0,0.0,0,24,31.0,26.0,57.0,0.0,45.53846153846154,1
5,Italy,8,3,4,15,1980,0.0,0.0,0.0,0,34,24.0,31.0,55.0,0.0,45.53846153846154,1
5,Italy,14,6,12,32,1984,0.0,0.0,0.0,0,66,34.0,24.0,58.0,0.0,45.53846153846154,1
10,Italy,6,4,4,14,1988,0.0,0.0,0.0,0,30,66.0,34.0,100.0,0.0,45.53846153846154,1
12,Italy,6,5,8,19,1992,0.0,0.0,0.0,0,36,30.0,66.0,96.0,0.0,45.53846153846154,1
6,Italy,13,10,12,35,1996,0.0,0.0,0.0,0,71,36.0,30.0,66.0,0.0,45.53846153846154,1
7,Italy,13,8,13,34,2000,0.0,0.0,0.0,0,68,71.0,36.0,107.0,0.0,45.53846153846154,1
8,Italy,10,11,11,32,2004,0.0,0.0,0.0,0,63,68.0,71.0,139.0,0.0,45.53846153846154,1
9,Italy,8,9,10,27,2008,0.0,0.0,0.0,0,52,63.0,68.0,131.0,0.0,45.53846153846154,1
9,Italy,8,9,11,28,2012,0.0,0.0,0.0,0,53,52.0,63.0,115.0,0.0,45.53846153846154,1
9,Italy,8,12,8,28,2016,0.0,0.0,0.0,0,56,53.0,52.0,105.0,0.0,45.53846153846154,1
10,Italy,10,10,20,40,2020,0.0,0.0,0.0,0,70,56.0,53.0,109.0,0.0,45.53846153846154,1
9,Italy,12,13,15,40,2024,0.0,0.0,0.0,0,77,70.0,56.0,126.0,0.0,45.53846153846154,1
33,Ivory Coast,0,1,0,1,1984,0.0,0.0,0.0,0,2,0.0,0.0,0.0,0.0,2.0,1
51,Ivory Coast,1,0,1,2,2016,0.0,0.0,0.0,0,4,2.0,0.0,2.0,0.0,2.0,1
86,Ivory Coast,0,0,1,1,2020,0.0,0.0,0.0,0,1,4.0,2.0,6.0,0.0,2.0,1
84,Ivory Coast,0,0,1,1,2024,0.0,0.0,0.0,0,1,1.0,4.0,5.0,0.0,2.0,1
17,JPN,0,2,0,2,1920,15.0,15.0,0.04132231404958678,0,4,0.0,0.0,0.0,0.24121964271457083,48.19047619047619,1
23,JPN,0,0,1,1,1924,21.0,19.0,0.07191780821917808,0,1,4.0,0.0,4.0,0.24121964271457083,48.19047619047619,1
15,JPN,2,2,1,5,1928,31.0,40.0,0.12301587301587301,0,11,1.0,4.0,5.0,0.24121964271457083,48.19047619047619,1
8,JPN,6,4,10,20,1936,79.0,220.0,0.26158940397350994,0,36,11.0,1.0,12.0,0.24121964271457083,48.19047619047619,1
17,JPN,1,6,2,9,1952,60.0,69.0,0.17751479289940827,0,17,36.0,11.0,47.0,0.24121964271457083,48.19047619047619,1
10,JPN,4,10,5,19,1956,72.0,112.0,0.21052631578947367,0,37,17.0,36.0,53.0,0.24121964271457083,48.19047619047619,1
3,JPN,16,5,8,29,1964,155.0,328.0,0.4189189189189189,0,66,37.0,17.0,54.0,0.24121964271457083,48.19047619047619,1
3,JPN,11,7,7,25,1968,97.0,171.0,0.25129533678756477,0,54,66.0,37.0,103.0,0.24121964271457083,48.19047619047619,1
5,JPN,13,8,8,29,1972,113.0,184.0,0.25740318906605925,0,63,54.0,66.0,120.0,0.24121964271457083,48.19047619047619,1
5,JPN,9,6,10,25,1976,119.0,213.0,0.268018018018018,0,49,63.0,54.0,117.0,0.24121964271457083,48.19047619047619,1
7,JPN,10,8,14,32,1984,147.0,226.0,0.29878048780487804,0,60,49.0,63.0,112.0,0.24121964271457083,48.19047619047619,1
14,JPN,4,3,7,14,1988,166.0,255.0,0.3143939393939394,0,25,60.0,49.0,109.0,0.24121964271457083,48.19047619047619,1
17,JPN,3,8,11,22,1992,166.0,256.0,0.28970331588132636,0,36,25.0,60.0,85.0,0.24121964271457083,48.19047619047619,1
23,JPN,3,6,5,14,1996,168.0,306.0,0.2781456953642384,0,26,36.0,25.0,61.0,0.24121964271457083,48.19047619047619,1
15,JPN,5,8,5,18,2000,156.0,266.0,0.23388305847076463,0,36,26.0,36.0,62.0,0.24121964271457083,48.19047619047619,1
5,JPN,16,9,12,37,2004,169.0,305.0,0.2526158445440957,0,78,36.0,26.0,62.0,0.24121964271457083,48.19047619047619,1
8,JPN,9,8,8,25,2008,176.0,332.0,0.26151560178306094,0,51,78.0,36.0,114.0,0.24121964271457083,48.19047619047619,1
11,JPN,7,14,17,38,2012,178.0,291.0,0.2656716417910448,0,66,51.0,78.0,129.0,0.24121964271457083,48.19047619047619,1
6,JPN,12,8,21,41,2016,186.0,335.0,0.2727272727272727,0,73,66.0,51.0,117.0,0.24121964271457083,48.19047619047619,1
3,JPN,27,14,17,58,2020,222.0,613.0,0.29172141918528255,1,126,73.0,66.0,139.0,0.24121964271457083,48.19047619047619,1
3,JPN,20,12,13,45,2024,166.0,430.0,0.22493224932249323,0,97,126.0,73.0,199.0,0.24121964271457083,48.19047619047619,1
20,Jamaica,1,2,0,3,1948,0.0,0.0,0.0,0,7,0.0,0.0,0.0,0.0,11.0,1
13,Jamaica,2,3,0,5,1952,0.0,0.0,0.0,0,12,7.0,0.0,7.0,0.0,11.0,1
39,Jamaica,0,1,0,1,1968,0.0,0.0,0.0,0,2,12.0,7.0,19.0,0.0,11.0,1
43,Jamaica,0,0,1,1,1972,0.0,0.0,0.0,0,1,2.0,12.0,14.0,0.0,11.0,1
21,Jamaica,1,1,0,2,1976,0.0,0.0,0.0,0,5,1.0,2.0,3.0,0.0,11.0,1
34,Jamaica,0,0,3,3,1980,0.0,0.0,0.0,0,3,5.0,1.0,6.0,0.0,11.0,1
28,Jamaica,0,1,2,3,1984,0.0,0.0,0.0,0,4,3.0,5.0,8.0,0.0,11.0,1
34,Jamaica,0,2,0,2,1988,0.0,0.0,0.0,0,4,4.0,3.0,7.0,0.0,11.0,1
38,Jamaica,0,3,1,4,1992,0.0,0.0,0.0,0,7,4.0,4.0,8.0,0.0,11.0,1
39,Jamaica,1,3,2,6,1996,0.0,0.0,0.0,0,11,7.0,4.0,11.0,0.0,11.0,1
54,Jamaica,0,6,3,9,2000,0.0,0.0,0.0,0,15,11.0,7.0,18.0,0.0,11.0,1
35,Jamaica,2,1,2,5,2004,0.0,0.0,0.0,0,10,15.0,11.0,26.0,0.0,11.0,1
15,Jamaica,5,4,2,11,2008,0.0,0.0,0.0,0,25,10.0,15.0,25.0,0.0,11.0,1
18,Jamaica,4,5,4,13,2012,0.0,0.0,0.0,0,26,25.0,10.0,35.0,0.0,11.0,1
16,Jamaica,6,3,2,11,2016,0.0,0.0,0.0,0,26,26.0,25.0,51.0,0.0,11.0,1
21,Jamaica,4,1,4,9,2020,0.0,0.0,0.0,0,18,26.0,26.0,52.0,0.0,11.0,1
44,Jamaica,1,3,2,6,2024,0.0,0.0,0.0,0,11,18.0,26.0,44.0,0.0,11.0,1
54,Jordan,1,0,0,1,2016,0.0,0.0,0.0,0,3,0.0,0.0,0.0,0.0,2.6666666666666665,1
74,Jordan,0,1,1,2,2020,0.0,0.0,0.0,0,3,3.0,0.0,3.0,0.0,2.6666666666666665,1
74,Jordan,0,1,0,1,2024,0.0,0.0,0.0,0,2,3.0,3.0,6.0,0.0,2.6666666666666665,1
24,Kazakhstan,3,4,4,11,1996,0.0,0.0,0.0,0,21,0.0,0.0,0.0,0.0,16.625,1
22,Kazakhstan,3,4,0,7,2000,0.0,0.0,0.0,0,17,21.0,0.0,21.0,0.0,16.625,1
40,Kazakhstan,1,4,3,8,2004,0.0,0.0,0.0,0,14,17.0,21.0,38.0,0.0,16.625,1
29,Kazakhstan,2,3,4,9,2008,0.0,0.0,0.0,0,16,14.0,17.0,31.0,0.0,16.625,1
23,Kazakhstan,3,2,6,11,2012,0.0,0.0,0.0,0,19,16.0,14.0,30.0,0.0,16.625,1
30,Kazakhstan,2,5,10,17,2016,0.0,0.0,0.0,0,26,19.0,16.0,35.0,0.0,16.625,1
83,Kazakhstan,0,0,8,8,2020,0.0,0.0,0.0,0,8,26.0,19.0,45.0,0.0,16.625,1
43,Kazakhstan,1,3,3,7,2024,0.0,0.0,0.0,0,12,8.0,26.0,34.0,0.0,16.625,1
35,Kenya,0,0,1,1,1964,0.0,0.0,0.0,0,1,0.0,0.0,0.0,0.0,17.571428571428573,1
14,Kenya,3,4,2,9,1968,0.0,0.0,0.0,0,19,1.0,0.0,1.0,0.0,17.571428571428573,1
19,Kenya,2,3,4,9,1972,0.0,0.0,0.0,0,16,19.0,1.0,20.0,0.0,17.571428571428573,1
23,Kenya,1,0,2,3,1984,0.0,0.0,0.0,0,5,16.0,19.0,35.0,0.0,17.571428571428573,1
13,Kenya,5,2,2,9,1988,0.0,0.0,0.0,0,21,5.0,16.0,21.0,0.0,17.571428571428573,1
21,Kenya,2,4,2,8,1992,0.0,0.0,0.0,0,16,21.0,5.0,26.0,0.0,17.571428571428573,1
38,Kenya,1,4,3,8,1996,0.0,0.0,0.0,0,14,16.0,21.0,37.0,0.0,17.571428571428573,1
29,Kenya,2,3,2,7,2000,0.0,0.0,0.0,0,14,14.0,16.0,30.0,0.0,17.571428571428573,1
41,Kenya,1,4,2,7,2004,0.0,0.0,0.0,0,13,14.0,14.0,28.0,0.0,17.571428571428573,1
13,Kenya,6,4,6,16,2008,0.0,0.0,0.0,0,32,13.0,14.0,27.0,0.0,17.571428571428573,1
29,Kenya,2,4,7,13,2012,0.0,0.0,0.0,0,21,32.0,13.0,45.0,0.0,17.571428571428573,1
15,Kenya,6,6,1,13,2016,0.0,0.0,0.0,0,31,21.0,32.0,53.0,0.0,17.571428571428573,1
19,Kenya,4,4,2,10,2020,0.0,0.0,0.0,0,22,31.0,21.0,52.0,0.0,17.571428571428573,1
17,Kenya,4,2,5,11,2024,0.0,0.0,0.0,0,21,22.0,31.0,53.0,0.0,17.571428571428573,1
54,Kosovo,1,0,0,1,2016,0.0,0.0,0.0,0,3,0.0,0.0,0.0,0.0,4.0,1
42,Kosovo,2,0,0,2,2020,0.0,0.0,0.0,0,6,3.0,0.0,3.0,0.0,4.0,1
73,Kosovo,0,1,1,2,2024,0.0,0.0,0.0,0,3,6.0,3.0,9.0,0.0,4.0,1
71,Kuwait,0,0,1,1,2000,0.0,0.0,0.0,0,1,0.0,0.0,0.0,0.0,1.0,1
79,Kuwait,0,0,1,1,2012,0.0,0.0,0.0,0,1,1.0,0.0,1.0,0.0,1.0,1
86,Kuwait,0,0,1,1,2020,0.0,0.0,0.0,0,1,1.0,1.0,2.0,0.0,1.0,1
71,Kyrgyzstan,0,0,1,1,2000,0.0,0.0,0.0,0,1,0.0,0.0,0.0,0.0,4.5,1
64,Kyrgyzstan,0,1,2,3,2008,0.0,0.0,0.0,0,4,1.0,0.0,1.0,0.0,4.5,1
70,Kyrgyzstan,0,2,1,3,2020,0.0,0.0,0.0,0,5,4.0,1.0,5.0,0.0,4.5,1
68,Kyrgyzstan,0,2,4,6,2024,0.0,0.0,0.0,0,8,5.0,4.0,9.0,0.0,4.5,1
24,Latvia,0,1,1,2,1936,0.0,0.0,0.0,0,3,0.0,0.0,0.0,0.0,4.75,1
40,Latvia,0,2,1,3,1992,0.0,0.0,0.0,0,5,3.0,0.0,3.0,0.0,4.75,1
61,Latvia,0,1,0,1,1996,0.0,0.0,0.0,0,2,5.0,3.0,8.0,0.0,4.75,1
44,Latvia,1,1,1,3,2000,0.0,0.0,0.0,0,6,2.0,5.0,7.0,0.0,4.75,1
58,Latvia,0,4,0,4,2004,0.0,0.0,0.0,0,8,6.0,2.0,8.0,0.0,4.75,1
46,Latvia,1,1,1,3,2008,0.0,0.0,0.0,0,6,8.0,6.0,14.0,0.0,4.75,1
48,Latvia,1,0,1,2,2012,0.0,0.0,0.0,0,4,6.0,8.0,14.0,0.0,4.75,1
59,Latvia,1,0,1,2,2020,0.0,0.0,0.0,0,4,4.0,6.0,10.0,0.0,4.75,1
34,Lithuania,1,0,1,2,1992,0.0,0.0,0.0,0,4,0.0,0.0,0.0,0.0,5.666666666666667,1
71,Lithuania,0,0,1,1,1996,0.0,0.0,0.0,0,1,4.0,0.0,4.0,0.0,5.666666666666667,1
33,Lithuania,2,0,3,5,2000,0.0,0.0,0.0,0,9,1.0,4.0,5.0,0.0,5.666666666666667,1
45,Lithuania,1,2,0,3,2004,0.0,0.0,0.0,0,7,9.0,1.0,10.0,0.0,5.666666666666667,1
57,Lithuania,0,3,2,5,2008,0.0,0.0,0.0,0,8,7.0,9.0,16.0,0.0,5.666666666666667,1
35,Lithuania,2,0,3,5,2012,0.0,0.0,0.0,0,9,8.0,7.0,15.0,0.0,5.666666666666667,1
65,Lithuania,0,1,3,4,2016,0.0,0.0,0.0,0,5,9.0,8.0,17.0,0.0,5.666666666666667,1
77,Lithuania,0,1,0,1,2020,0.0,0.0,0.0,0,2,5.0,9.0,14.0,0.0,5.666666666666667,1
70,Lithuania,0,2,2,4,2024,0.0,0.0,0.0,0,6,2.0,5.0,7.0,0.0,5.666666666666667,1
54,Malaysia,0,0,1,1,1992,0.0,0.0,0.0,0,1,0.0,0.0,0.0,0.0,3.2857142857142856,1
58,Malaysia,0,1,1,2,1996,0.0,0.0,0.0,0,3,1.0,0.0,1.0,0.0,3.2857142857142856,1
72,Malaysia,0,1,0,1,2008,0.0,0.0,0.0,0,2,3.0,1.0,4.0,0.0,3.2857142857142856,1
65,Malaysia,0,1,1,2,2012,0.0,0.0,0.0,0,3,2.0,3.0,5.0,0.0,3.2857142857142856,1
60,Malaysia,0,4,1,5,2016,0.0,0.0,0.0,0,9,3.0,2.0,5.0,0.0,3.2857142857142856,1
74,Malaysia,0,1,1,2,2020,0.0,0.0,0.0,0,3,9.0,3.0,12.0,0.0,3.2857142857142856,1
80,Malaysia,0,0,2,2,2024,0.0,0.0,0.0,0,2,3.0,9.0,12.0,0.0,3.2857142857142856,1
28,Mexico,0,0,3,3,1936,0.0,0.0,0.0,0,3,0.0,0.0,0.0,0.0,6.25,1
17,Mexico,2,1,2,5,1948,0.0,0.0,0.0,0,10,3.0,0.0,3.0,0.0,6.25,1
34,Mexico,0,1,0,1,1952,0.0,0.0,0.0,0,2,10.0,3.0,13.0,0.0,6.25,1
23,Mexico,1,0,1,2,1956,0.0,0.0,0.0,0,4,2.0,10.0,12.0,0.0,6.25,1
35,Mexico,0,0,1,1,1964,0.0,0.0,0.0,0,1,4.0,2.0,6.0,0.0,6.25,1
15,Mexico,3,3,3,9,1968,0.0,0.0,0.0,0,18,1.0,4.0,5.0,0.0,6.25,1
33,Mexico,0,1,0,1,1972,0.0,0.0,0.0,0,2,18.0,1.0,19.0,0.0,6.25,1
25,Mexico,1,0,1,2,1976,0.0,0.0,0.0,0,4,2.0,18.0,20.0,0.0,6.25,1
29,Mexico,0,1,3,4,1980,0.0,0.0,0.0,0,5,4.0,2.0,6.0,0.0,6.25,1
17,Mexico,2,3,1,6,1984,0.0,0.0,0.0,0,13,5.0,4.0,9.0,0.0,6.25,1
44,Mexico,0,0,2,2,1988,0.0,0.0,0.0,0,2,13.0,5.0,18.0,0.0,6.25,1
49,Mexico,0,1,0,1,1992,0.0,0.0,0.0,0,2,2.0,13.0,15.0,0.0,6.25,1
71,Mexico,0,0,1,1,1996,0.0,0.0,0.0,0,1,2.0,2.0,4.0,0.0,6.25,1
40,Mexico,1,2,3,6,2000,0.0,0.0,0.0,0,10,1.0,2.0,3.0,0.0,6.25,1
59,Mexico,0,3,1,4,2004,0.0,0.0,0.0,0,7,10.0,1.0,11.0,0.0,6.25,1
36,Mexico,2,0,2,4,2008,0.0,0.0,0.0,0,8,7.0,10.0,17.0,0.0,6.25,1
39,Mexico,1,3,4,8,2012,0.0,0.0,0.0,0,13,8.0,7.0,15.0,0.0,6.25,1
61,Mexico,0,3,2,5,2016,0.0,0.0,0.0,0,8,13.0,8.0,21.0,0.0,6.25,1
84,Mexico,0,0,4,4,2020,0.0,0.0,0.0,0,4,8.0,13.0,21.0,0.0,6.25,1
65,Mexico,0,3,2,5,2024,0.0,0.0,0.0,0,8,4.0,8.0,12.0,0.0,6.25,1
58,Moldova,0,1,1,2,1996,0.0,0.0,0.0,0,3,0.0,0.0,0.0,0.0,2.6,1
61,Moldova,0,1,1,2,2000,0.0,0.0,0.0,0,3,3.0,0.0,3.0,0.0,2.6,1
82,Moldova,0,0,1,1,2008,0.0,0.0,0.0,0,1,3.0,3.0,6.0,0.0,2.6,1
86,Moldova,0,0,1,1,2020,0.0,0.0,0.0,0,1,1.0,3.0,4.0,0.0,2.6,1
72,Moldova,0,1,3,4,2024,0.0,0.0,0.0,0,5,1.0,1.0,2.0,0.0,2.6,1
34,Mongolia,0,1,3,4,1968,0.0,0.0,0.0,0,5,0.0,0.0,0.0,0.0,3.6153846153846154,1
33,Mongolia,0,1,0,1,1972,0.0,0.0,0.0,0,2,5.0,0.0,5.0,0.0,3.6153846153846154,1
34,Mongolia,0,1,0,1,1976,0.0,0.0,0.0,0,2,2.0,5.0,7.0,0.0,3.6153846153846154,1
27,Mongolia,0,2,2,4,1980,0.0,0.0,0.0,0,6,2.0,2.0,4.0,0.0,3.6153846153846154,1
46,Mongolia,0,0,1,1,1988,0.0,0.0,0.0,0,1,6.0,2.0,8.0,0.0,3.6153846153846154,1
52,Mongolia,0,0,2,2,1992,0.0,0.0,0.0,0,2,1.0,6.0,7.0,0.0,3.6153846153846154,1
71,Mongolia,0,0,1,1,1996,0.0,0.0,0.0,0,1,2.0,1.0,3.0,0.0,3.6153846153846154,1
71,Mongolia,0,0,1,1,2004,0.0,0.0,0.0,0,1,1.0,2.0,3.0,0.0,3.6153846153846154,1
33,Mongolia,2,2,0,4,2008,0.0,0.0,0.0,0,10,1.0,1.0,2.0,0.0,3.6153846153846154,1
58,Mongolia,0,2,3,5,2012,0.0,0.0,0.0,0,7,10.0,1.0,11.0,0.0,3.6153846153846154,1
67,Mongolia,0,1,1,2,2016,0.0,0.0,0.0,0,3,7.0,10.0,17.0,0.0,3.6153846153846154,1
71,Mongolia,0,1,3,4,2020,0.0,0.0,0.0,0,5,3.0,7.0,10.0,0.0,3.6153846153846154,1
74,Mongolia,0,1,0,1,2024,0.0,0.0,0.0,0,2,5.0,3.0,8.0,0.0,3.6153846153846154,1
18,Morocco,2,0,0,2,1984,0.0,0.0,0.0,0,6,0.0,0.0,0.0,0.0,4.090909090909091,1
28,Morocco,1,0,2,3,1988,0.0,0.0,0.0,0,5,6.0,0.0,6.0,0.0,4.090909090909091,1
31,Morocco,1,1,1,3,1992,0.0,0.0,0.0,0,6,5.0,6.0,11.0,0.0,4.090909090909091,1
68,Morocco,0,0,2,2,1996,0.0,0.0,0.0,0,2,6.0,5.0,11.0,0.0,4.090909090909091,1
58,Morocco,0,1,4,5,2000,0.0,0.0,0.0,0,6,2.0,6.0,8.0,0.0,4.090909090909091,1
37,Morocco,2,1,0,3,2004,0.0,0.0,0.0,0,8,6.0,2.0,8.0,0.0,4.090909090909091,1
68,Morocco,0,1,1,2,2008,0.0,0.0,0.0,0,3,8.0,6.0,14.0,0.0,4.090909090909091,1
79,Morocco,0,0,1,1,2012,0.0,0.0,0.0,0,1,3.0,8.0,11.0,0.0,4.090909090909091,1
78,Morocco,0,0,1,1,2016,0.0,0.0,0.0,0,1,1.0,3.0,4.0,0.0,4.090909090909091,1
63,Morocco,1,0,0,1,2020,0.0,0.0,0.0,0,3,1.0,1.0,2.0,0.0,4.090909090909091,1
60,Morocco,1,0,1,2,2024,0.0,0.0,0.0,0,4,3.0,1.0,4.0,0.0,4.090909090909091,1
41,Namibia,0,2,0,2,1992,0.0,0.0,0.0,0,4,0.0,0.0,0.0,0.0,3.3333333333333335,1
55,Namibia,0,2,0,2,1996,0.0,0.0,0.0,0,4,4.0,0.0,4.0,0.0,3.3333333333333335,1
77,Namibia,0,1,0,1,2020,0.0,0.0,0.0,0,2,4.0,4.0,8.0,0.0,3.3333333333333335,1
17,Netherlands,0,2,3,5,1900,0.0,0.0,0.0,0,7,0.0,0.0,0.0,0.0,26.72,1
17,Netherlands,0,0,2,2,1908,0.0,0.0,0.0,0,2,7.0,0.0,7.0,0.0,26.72,1
18,Netherlands,0,0,3,3,1912,0.0,0.0,0.0,0,3,2.0,7.0,9.0,0.0,26.72,1
9,Netherlands,4,2,5,11,1920,0.0,0.0,0.0,0,21,3.0,2.0,5.0,0.0,26.72,1
9,Netherlands,4,1,5,10,1924,0.0,0.0,0.0,0,19,21.0,3.0,24.0,0.0,26.72,1
8,Netherlands,6,9,4,19,1928,0.0,0.0,0.0,0,40,19.0,21.0,40.0,0.0,26.72,1
9,Netherlands,6,4,7,17,1936,0.0,0.0,0.0,0,33,40.0,19.0,59.0,0.0,26.72,1
11,Netherlands,5,2,9,16,1948,0.0,0.0,0.0,0,28,33.0,40.0,73.0,0.0,26.72,1
29,Netherlands,0,5,0,5,1952,0.0,0.0,0.0,0,10,28.0,33.0,61.0,0.0,26.72,1
15,Netherlands,2,4,4,10,1964,0.0,0.0,0.0,0,18,10.0,28.0,38.0,0.0,26.72,1
17,Netherlands,3,3,1,7,1968,0.0,0.0,0.0,0,16,18.0,10.0,28.0,0.0,26.72,1
16,Netherlands,3,1,1,5,1972,0.0,0.0,0.0,0,12,16.0,18.0,34.0,0.0,26.72,1
29,Netherlands,0,2,3,5,1976,0.0,0.0,0.0,0,7,12.0,16.0,28.0,0.0,26.72,1
30,Netherlands,0,1,2,3,1980,0.0,0.0,0.0,0,4,7.0,12.0,19.0,0.0,26.72,1
13,Netherlands,5,2,6,13,1984,0.0,0.0,0.0,0,25,4.0,7.0,11.0,0.0,26.72,1
22,Netherlands,2,2,5,9,1988,0.0,0.0,0.0,0,15,25.0,4.0,29.0,0.0,26.72,1
20,Netherlands,2,6,7,15,1992,0.0,0.0,0.0,0,25,15.0,25.0,40.0,0.0,26.72,1
15,Netherlands,4,5,10,19,1996,0.0,0.0,0.0,0,32,25.0,15.0,40.0,0.0,26.72,1
8,Netherlands,12,9,4,25,2000,0.0,0.0,0.0,0,58,32.0,25.0,57.0,0.0,26.72,1
18,Netherlands,4,9,9,22,2004,0.0,0.0,0.0,0,39,58.0,32.0,90.0,0.0,26.72,1
11,Netherlands,7,5,4,16,2008,0.0,0.0,0.0,0,35,39.0,58.0,97.0,0.0,26.72,1
13,Netherlands,6,6,8,20,2012,0.0,0.0,0.0,0,38,35.0,39.0,74.0,0.0,26.72,1
11,Netherlands,8,7,4,19,2016,0.0,0.0,0.0,0,42,38.0,35.0,73.0,0.0,26.72,1
7,Netherlands,10,12,14,36,2020,0.0,0.0,0.0,0,68,42.0,38.0,80.0,0.0,26.72,1
6,Netherlands,15,7,12,34,2024,0.0,0.0,0.0,0,71,68.0,42.0,110.0,0.0,26.72,1
22,New Zealand,0,0,1,1,1920,0.0,0.0,0.0,0,1,0.0,0.0,0.0,0.0,14.952380952380953,1
23,New Zealand,0,0,1,1,1924,0.0,0.0,0.0,0,1,1.0,0.0,1.0,0.0,14.952380952380953,1
24,New Zealand,1,0,0,1,1928,0.0,0.0,0.0,0,3,1.0,1.0,2.0,0.0,14.952380952380953,1
20,New Zealand,1,0,0,1,1936,0.0,0.0,0.0,0,3,3.0,1.0,4.0,0.0,14.952380952380953,1
24,New Zealand,1,0,2,3,1952,0.0,0.0,0.0,0,5,3.0,3.0,6.0,0.0,14.952380952380953,1
16,New Zealand,2,0,0,2,1956,0.0,0.0,0.0,0,6,5.0,3.0,8.0,0.0,14.952380952380953,1
12,New Zealand,3,0,2,5,1964,0.0,0.0,0.0,0,11,6.0,5.0,11.0,0.0,14.952380952380953,1
27,New Zealand,1,0,2,3,1968,0.0,0.0,0.0,0,5,11.0,6.0,17.0,0.0,14.952380952380953,1
23,New Zealand,1,1,1,3,1972,0.0,0.0,0.0,0,6,5.0,11.0,16.0,0.0,14.952380952380953,1
18,New Zealand,2,1,1,4,1976,0.0,0.0,0.0,0,9,6.0,5.0,11.0,0.0,14.952380952380953,1
8,New Zealand,8,1,2,11,1984,0.0,0.0,0.0,0,28,9.0,6.0,15.0,0.0,14.952380952380953,1
18,New Zealand,3,2,8,13,1988,0.0,0.0,0.0,0,21,28.0,9.0,37.0,0.0,14.952380952380953,1
28,New Zealand,1,4,5,10,1992,0.0,0.0,0.0,0,16,21.0,28.0,49.0,0.0,14.952380952380953,1
26,New Zealand,3,2,1,6,1996,0.0,0.0,0.0,0,14,16.0,21.0,37.0,0.0,14.952380952380953,1
46,New Zealand,1,0,3,4,2000,0.0,0.0,0.0,0,6,14.0,16.0,30.0,0.0,14.952380952380953,1
24,New Zealand,3,2,0,5,2004,0.0,0.0,0.0,0,13,6.0,14.0,20.0,0.0,14.952380952380953,1
27,New Zealand,3,2,4,9,2008,0.0,0.0,0.0,0,17,13.0,6.0,19.0,0.0,14.952380952380953,1
14,New Zealand,6,2,5,13,2012,0.0,0.0,0.0,0,27,17.0,13.0,30.0,0.0,14.952380952380953,1
19,New Zealand,4,9,5,18,2016,0.0,0.0,0.0,0,35,27.0,17.0,44.0,0.0,14.952380952380953,1
13,New Zealand,7,6,7,20,2020,0.0,0.0,0.0,0,40,35.0,27.0,62.0,0.0,14.952380952380953,1
11,New Zealand,10,7,3,20,2024,0.0,0.0,0.0,0,47,40.0,35.0,75.0,0.0,14.952380952380953,1
35,Nigeria,0,0,1,1,1964,0.0,0.0,0.0,0,1,0.0,0.0,0.0,0.0,4.4,1
43,Nigeria,0,0,1,1,1972,0.0,0.0,0.0,0,1,1.0,0.0,1.0,0.0,4.4,1
30,Nigeria,0,1,1,2,1984,0.0,0.0,0.0,0,3,1.0,1.0,2.0,0.0,4.4,1
38,Nigeria,0,3,1,4,1992,0.0,0.0,0.0,0,7,3.0,1.0,4.0,0.0,4.4,1
32,Nigeria,2,1,3,6,1996,0.0,0.0,0.0,0,11,7.0,3.0,10.0,0.0,4.4,1
41,Nigeria,1,2,0,3,2000,0.0,0.0,0.0,0,7,11.0,7.0,18.0,0.0,4.4,1
68,Nigeria,0,0,2,2,2004,0.0,0.0,0.0,0,2,7.0,11.0,18.0,0.0,4.4,1
57,Nigeria,0,3,2,5,2008,0.0,0.0,0.0,0,8,2.0,7.0,9.0,0.0,4.4,1
78,Nigeria,0,0,1,1,2016,0.0,0.0,0.0,0,1,8.0,2.0,10.0,0.0,4.4,1
74,Nigeria,0,1,1,2,2020,0.0,0.0,0.0,0,3,1.0,8.0,9.0,0.0,4.4,1
22,North Korea,1,1,3,5,1972,0.0,0.0,0.0,0,8,0.0,0.0,0.0,0.0,10.0,1
21,North Korea,1,1,0,2,1976,0.0,0.0,0.0,0,5,8.0,0.0,8.0,0.0,10.0,1
26,North Korea,0,3,2,5,1980,0.0,0.0,0.0,0,8,5.0,8.0,13.0,0.0,10.0,1
16,North Korea,4,0,5,9,1992,0.0,0.0,0.0,0,17,8.0,5.0,13.0,0.0,10.0,1
33,North Korea,2,1,2,5,1996,0.0,0.0,0.0,0,10,17.0,8.0,25.0,0.0,10.0,1
60,North Korea,0,1,3,4,2000,0.0,0.0,0.0,0,5,10.0,17.0,27.0,0.0,10.0,1
57,North Korea,0,4,1,5,2004,0.0,0.0,0.0,0,9,5.0,10.0,15.0,0.0,10.0,1
31,North Korea,2,2,2,6,2008,0.0,0.0,0.0,0,12,9.0,5.0,14.0,0.0,10.0,1
21,North Korea,4,0,2,6,2012,0.0,0.0,0.0,0,14,12.0,9.0,21.0,0.0,10.0,1
34,North Korea,2,3,2,7,2016,0.0,0.0,0.0,0,14,14.0,12.0,26.0,0.0,10.0,1
68,North Korea,0,2,4,6,2024,0.0,0.0,0.0,0,8,14.0,14.0,28.0,0.0,10.0,1
77,North Macedonia,0,1,0,1,2020,0.0,0.0,0.0,0,2,0.0,0.0,0.0,0.0,2.0,1
17,Norway,0,2,3,5,1900,0.0,0.0,0.0,0,7,0.0,0.0,0.0,0.0,14.04,1
7,Norway,2,0,0,2,1904,0.0,0.0,0.0,0,6,7.0,0.0,7.0,0.0,14.04,1
8,Norway,2,3,3,8,1908,0.0,0.0,0.0,0,15,6.0,7.0,13.0,0.0,14.04,1
8,Norway,3,2,5,10,1912,0.0,0.0,0.0,0,18,15.0,6.0,21.0,0.0,14.04,1
6,Norway,13,9,9,31,1920,0.0,0.0,0.0,0,66,18.0,15.0,33.0,0.0,14.04,1
7,Norway,5,2,3,10,1924,0.0,0.0,0.0,0,22,66.0,18.0,84.0,0.0,14.04,1
19,Norway,1,2,1,4,1928,0.0,0.0,0.0,0,8,22.0,66.0,88.0,0.0,14.04,1
18,Norway,1,3,2,6,1936,0.0,0.0,0.0,0,11,8.0,22.0,30.0,0.0,14.04,1
19,Norway,1,3,3,7,1948,0.0,0.0,0.0,0,12,11.0,8.0,19.0,0.0,14.04,1
10,Norway,3,2,0,5,1952,0.0,0.0,0.0,0,13,12.0,11.0,23.0,0.0,14.04,1
22,Norway,1,0,2,3,1956,0.0,0.0,0.0,0,5,13.0,12.0,25.0,0.0,14.04,1
25,Norway,1,1,0,2,1968,0.0,0.0,0.0,0,5,5.0,13.0,18.0,0.0,14.04,1
21,Norway,2,1,1,4,1972,0.0,0.0,0.0,0,9,5.0,5.0,10.0,0.0,14.04,1
21,Norway,1,1,0,2,1976,0.0,0.0,0.0,0,5,9.0,5.0,14.0,0.0,14.04,1
28,Norway,0,1,2,3,1984,0.0,0.0,0.0,0,4,5.0,9.0,14.0,0.0,14.04,1
21,Norway,2,3,0,5,1988,0.0,0.0,0.0,0,12,4.0,5.0,9.0,0.0,14.04,1
22,Norway,2,4,1,7,1992,0.0,0.0,0.0,0,15,12.0,4.0,16.0,0.0,14.04,1
30,Norway,2,2,3,7,1996,0.0,0.0,0.0,0,13,15.0,12.0,27.0,0.0,14.04,1
19,Norway,4,3,3,10,2000,0.0,0.0,0.0,0,21,13.0,15.0,28.0,0.0,14.04,1
17,Norway,5,0,1,6,2004,0.0,0.0,0.0,0,16,21.0,13.0,34.0,0.0,14.04,1
22,Norway,3,5,1,9,2008,0.0,0.0,0.0,0,20,16.0,21.0,37.0,0.0,14.04,1
34,Norway,2,1,1,4,2012,0.0,0.0,0.0,0,9,20.0,16.0,36.0,0.0,14.04,1
74,Norway,0,0,4,4,2016,0.0,0.0,0.0,0,4,9.0,20.0,29.0,0.0,14.04,1
20,Norway,4,2,2,8,2020,0.0,0.0,0.0,0,18,4.0,9.0,13.0,0.0,14.04,1
18,Norway,4,1,3,8,2024,0.0,0.0,0.0,0,17,18.0,4.0,22.0,0.0,14.04,1
31,Pakistan,0,1,0,1,1956,0.0,0.0,0.0,0,2,0.0,0.0,0.0,0.0,2.0,1
30,Pakistan,0,1,0,1,1964,0.0,0.0,0.0,0,2,2.0,0.0,2.0,0.0,2.0,1
29,Pakistan,1,0,0,1,1968,0.0,0.0,0.0,0,3,2.0,2.0,4.0,0.0,2.0,1
33,Pakistan,0,1,0,1,1972,0.0,0.0,0.0,0,2,3.0,2.0,5.0,0.0,2.0,1
37,Pakistan,0,0,1,1,1976,0.0,0.0,0.0,0,1,2.0,3.0,5.0,0.0,2.0,1
25,Pakistan,1,0,0,1,1984,0.0,0.0,0.0,0,3,1.0,2.0,3.0,0.0,2.0,1
46,Pakistan,0,0,1,1,1988,0.0,0.0,0.0,0,1,3.0,1.0,4.0,0.0,2.0,1
54,Pakistan,0,0,1,1,1992,0.0,0.0,0.0,0,1,1.0,3.0,4.0,0.0,2.0,1
62,Pakistan,1,0,0,1,2024,0.0,0.0,0.0,0,3,1.0,1.0,2.0,0.0,2.0,1
32,Panama,0,0,2,2,1948,0.0,0.0,0.0,0,2,0.0,0.0,0.0,0.0,2.3333333333333335,1
53,Panama,1,0,0,1,2008,0.0,0.0,0.0,0,3,2.0,0.0,2.0,0.0,2.3333333333333335,1
74,Panama,0,1,0,1,2024,0.0,0.0,0.0,0,2,3.0,2.0,5.0,0.0,2.3333333333333335,1
22,Peru,1,0,0,1,1948,0.0,0.0,0.0,0,3,0.0,0.0,0.0,0.0,2.0,1
33,Peru,0,1,0,1,1984,0.0,0.0,0.0,0,2,3.0,0.0,3.0,0.0,2.0,1
36,Peru,0,1,0,1,1988,0.0,0.0,0.0,0,2,2.0,3.0,5.0,0.0,2.0,1
49,Peru,0,1,0,1,1992,0.0,0.0,0.0,0,2,2.0,2.0,4.0,0.0,2.0,1
84,Peru,0,0,1,1,2024,0.0,0.0,0.0,0,1,2.0,2.0,4.0,0.0,2.0,1
32,Philippines,0,0,1,1,1928,0.0,0.0,0.0,0,1,0.0,0.0,0.0,0.0,2.888888888888889,1
30,Philippines,0,0,1,1,1936,0.0,0.0,0.0,0,1,1.0,0.0,1.0,0.0,2.888888888888889,1
30,Philippines,0,1,0,1,1964,0.0,0.0,0.0,0,2,1.0,1.0,2.0,0.0,2.888888888888889,1
46,Philippines,0,0,1,1,1988,0.0,0.0,0.0,0,1,2.0,1.0,3.0,0.0,2.888888888888889,1
54,Philippines,0,0,1,1,1992,0.0,0.0,0.0,0,1,1.0,2.0,3.0,0.0,2.888888888888889,1
61,Philippines,0,1,0,1,1996,0.0,0.0,0.0,0,2,1.0,1.0,2.0,0.0,2.888888888888889,1
69,Philippines,0,1,0,1,2016,0.0,0.0,0.0,0,2,2.0,1.0,3.0,0.0,2.888888888888889,1
50,Philippines,1,2,1,4,2020,0.0,0.0,0.0,0,8,2.0,2.0,4.0,0.0,2.888888888888889,1
37,Philippines,2,0,2,4,2024,0.0,0.0,0.0,0,8,8.0,2.0,10.0,0.0,2.888888888888889,1
22,Poland,0,1,1,2,1924,0.0,0.0,0.0,0,3,0.0,0.0,0.0,0.0,24.0,1
21,Poland,1,1,3,5,1928,0.0,0.0,0.0,0,8,3.0,0.0,3.0,0.0,24.0,1
22,Poland,0,4,5,9,1936,0.0,0.0,0.0,0,13,8.0,3.0,11.0,0.0,24.0,1
34,Poland,0,0,1,1,1948,0.0,0.0,0.0,0,1,13.0,8.0,21.0,0.0,24.0,1
20,Poland,1,2,1,4,1952,0.0,0.0,0.0,0,8,1.0,13.0,14.0,0.0,24.0,1
17,Poland,1,4,4,9,1956,0.0,0.0,0.0,0,15,8.0,1.0,9.0,0.0,24.0,1
7,Poland,7,6,10,23,1964,0.0,0.0,0.0,0,43,15.0,8.0,23.0,0.0,24.0,1
11,Poland,5,2,11,18,1968,0.0,0.0,0.0,0,30,43.0,15.0,58.0,0.0,24.0,1
7,Poland,7,5,9,21,1972,0.0,0.0,0.0,0,40,30.0,43.0,73.0,0.0,24.0,1
6,Poland,7,6,13,26,1976,0.0,0.0,0.0,0,46,40.0,30.0,70.0,0.0,24.0,1
10,Poland,3,14,15,32,1980,0.0,0.0,0.0,0,52,46.0,40.0,86.0,0.0,24.0,1
20,Poland,2,5,9,16,1988,0.0,0.0,0.0,0,25,52.0,46.0,98.0,0.0,24.0,1
19,Poland,3,6,10,19,1992,0.0,0.0,0.0,0,31,25.0,52.0,77.0,0.0,24.0,1
11,Poland,7,5,5,17,1996,0.0,0.0,0.0,0,36,31.0,25.0,56.0,0.0,24.0,1
14,Poland,6,5,3,14,2000,0.0,0.0,0.0,0,31,36.0,31.0,67.0,0.0,24.0,1
23,Poland,3,2,5,10,2004,0.0,0.0,0.0,0,18,31.0,36.0,67.0,0.0,24.0,1
16,Poland,4,5,2,11,2008,0.0,0.0,0.0,0,24,18.0,31.0,49.0,0.0,24.0,1
23,Poland,3,2,6,11,2012,0.0,0.0,0.0,0,19,24.0,18.0,42.0,0.0,24.0,1
33,Poland,2,3,6,11,2016,0.0,0.0,0.0,0,18,19.0,24.0,43.0,0.0,24.0,1
17,Poland,4,5,5,14,2020,0.0,0.0,0.0,0,27,18.0,19.0,37.0,0.0,24.0,1
42,Poland,1,4,5,10,2024,0.0,0.0,0.0,0,16,27.0,18.0,45.0,0.0,24.0,1
23,Portugal,0,0,1,1,1924,0.0,0.0,0.0,0,1,0.0,0.0,0.0,0.0,3.3125,1
32,Portugal,0,0,1,1,1928,0.0,0.0,0.0,0,1,1.0,0.0,1.0,0.0,3.3125,1
30,Portugal,0,0,1,1,1936,0.0,0.0,0.0,0,1,1.0,1.0,2.0,0.0,3.3125,1
26,Portugal,0,1,1,2,1948,0.0,0.0,0.0,0,3,1.0,1.0,2.0,0.0,3.3125,1
40,Portugal,0,0,1,1,1952,0.0,0.0,0.0,0,1,3.0,1.0,4.0,0.0,3.3125,1
30,Portugal,0,2,0,2,1976,0.0,0.0,0.0,0,4,1.0,3.0,4.0,0.0,3.3125,1
23,Portugal,1,0,2,3,1984,0.0,0.0,0.0,0,5,4.0,1.0,5.0,0.0,3.3125,1
29,Portugal,1,0,0,1,1988,0.0,0.0,0.0,0,3,5.0,4.0,9.0,0.0,3.3125,1
47,Portugal,1,0,1,2,1996,0.0,0.0,0.0,0,4,3.0,5.0,8.0,0.0,3.3125,1
69,Portugal,0,0,2,2,2000,0.0,0.0,0.0,0,2,4.0,3.0,7.0,0.0,3.3125,1
60,Portugal,0,2,1,3,2004,0.0,0.0,0.0,0,5,2.0,4.0,6.0,0.0,3.3125,1
47,Portugal,1,1,0,2,2008,0.0,0.0,0.0,0,5,5.0,2.0,7.0,0.0,3.3125,1
70,Portugal,0,1,0,1,2012,0.0,0.0,0.0,0,2,5.0,5.0,10.0,0.0,3.3125,1
78,Portugal,0,0,1,1,2016,0.0,0.0,0.0,0,1,2.0,5.0,7.0,0.0,3.3125,1
56,Portugal,1,1,2,4,2020,0.0,0.0,0.0,0,7,1.0,2.0,3.0,0.0,3.3125,1
50,Portugal,1,2,1,4,2024,0.0,0.0,0.0,0,8,7.0,1.0,8.0,0.0,3.3125,1
34,Puerto Rico,0,0,1,1,1948,0.0,0.0,0.0,0,1,0.0,0.0,0.0,0.0,2.0,1
37,Puerto Rico,0,0,1,1,1976,0.0,0.0,0.0,0,1,1.0,0.0,1.0,0.0,2.0,1
30,Puerto Rico,0,1,1,2,1984,0.0,0.0,0.0,0,3,1.0,1.0,2.0,0.0,2.0,1
54,Puerto Rico,0,0,1,1,1992,0.0,0.0,0.0,0,1,3.0,1.0,4.0,0.0,2.0,1
71,Puerto Rico,0,0,1,1,1996,0.0,0.0,0.0,0,1,1.0,3.0,4.0,0.0,2.0,1
65,Puerto Rico,0,1,1,2,2012,0.0,0.0,0.0,0,3,1.0,1.0,2.0,0.0,2.0,1
54,Puerto Rico,1,0,0,1,2016,0.0,0.0,0.0,0,3,3.0,1.0,4.0,0.0,2.0,1
63,Puerto Rico,1,0,0,1,2020,0.0,0.0,0.0,0,3,3.0,3.0,6.0,0.0,2.0,1
80,Puerto Rico,0,0,2,2,2024,0.0,0.0,0.0,0,2,3.0,3.0,6.0,0.0,2.0,1
54,Qatar,0,0,1,1,1992,0.0,0.0,0.0,0,1,0.0,0.0,0.0,0.0,2.5,1
71,Qatar,0,0,1,1,2000,0.0,0.0,0.0,0,1,1.0,0.0,1.0,0.0,2.5,1
65,Qatar,0,1,1,2,2012,0.0,0.0,0.0,0,3,1.0,1.0,2.0,0.0,2.5,1
69,Qatar,0,1,0,1,2016,0.0,0.0,0.0,0,2,3.0,1.0,4.0,0.0,2.5,1
41,Qatar,2,0,1,3,2020,0.0,0.0,0.0,0,7,2.0,3.0,5.0,0.0,2.5,1
84,Qatar,0,0,1,1,2024,0.0,0.0,0.0,0,1,7.0,2.0,9.0,0.0,2.5,1
84,Refugee Olympic Team,0,0,1,1,2024,0.0,0.0,0.0,0,1,0.0,0.0,0.0,0.0,1.0,1
23,Romania,0,0,1,1,1924,0.0,0.0,0.0,0,1,0.0,0.0,0.0,0.0,29.35,1
25,Romania,0,1,0,1,1936,0.0,0.0,0.0,0,2,1.0,0.0,1.0,0.0,29.35,1
23,Romania,1,1,2,4,1952,0.0,0.0,0.0,0,7,2.0,1.0,3.0,0.0,29.35,1
9,Romania,5,3,5,13,1956,0.0,0.0,0.0,0,26,7.0,2.0,9.0,0.0,29.35,1
14,Romania,2,4,6,12,1964,0.0,0.0,0.0,0,20,26.0,7.0,33.0,0.0,29.35,1
12,Romania,4,6,5,15,1968,0.0,0.0,0.0,0,29,20.0,26.0,46.0,0.0,29.35,1
13,Romania,3,6,7,16,1972,0.0,0.0,0.0,0,28,29.0,20.0,49.0,0.0,29.35,1
9,Romania,4,9,14,27,1976,0.0,0.0,0.0,0,44,28.0,29.0,57.0,0.0,29.35,1
7,Romania,6,6,13,25,1980,0.0,0.0,0.0,0,43,44.0,28.0,72.0,0.0,29.35,1
2,Romania,20,16,17,53,1984,0.0,0.0,0.0,0,109,43.0,44.0,87.0,0.0,29.35,1
8,Romania,7,11,6,24,1988,0.0,0.0,0.0,0,49,109.0,43.0,152.0,0.0,29.35,1
14,Romania,4,6,8,18,1992,0.0,0.0,0.0,0,32,49.0,109.0,158.0,0.0,29.35,1
14,Romania,4,7,9,20,1996,0.0,0.0,0.0,0,35,32.0,49.0,81.0,0.0,29.35,1
11,Romania,11,6,9,26,2000,0.0,0.0,0.0,0,54,35.0,32.0,67.0,0.0,29.35,1
14,Romania,8,5,6,19,2004,0.0,0.0,0.0,0,40,54.0,35.0,89.0,0.0,29.35,1
18,Romania,4,1,4,9,2008,0.0,0.0,0.0,0,18,40.0,54.0,94.0,0.0,29.35,1
31,Romania,2,4,1,7,2012,0.0,0.0,0.0,0,15,18.0,40.0,58.0,0.0,29.35,1
47,Romania,1,1,2,4,2016,0.0,0.0,0.0,0,7,15.0,18.0,33.0,0.0,29.35,1
46,Romania,1,3,0,4,2020,0.0,0.0,0.0,0,9,7.0,15.0,22.0,0.0,29.35,1
23,Romania,3,4,2,9,2024,0.0,0.0,0.0,0,19,9.0,7.0,16.0,0.0,29.35,1
2,Russia,22,30,19,71,1952,141.0,295.0,0.4171597633136095,0,145,0.0,0.0,0.0,0.2423440226226356,192.2,1
1,Russia,37,29,32,98,1956,141.0,281.0,0.41228070175438597,0,201,145.0,0.0,145.0,0.2423440226226356,192.2,1
2,Russia,30,31,35,96,1964,154.0,316.0,0.41621621621621624,0,187,201.0,145.0,346.0,0.2423440226226356,192.2,1
2,Russia,29,32,30,91,1968,164.0,311.0,0.42487046632124353,0,181,187.0,201.0,388.0,0.2423440226226356,192.2,1
1,Russia,50,27,22,99,1972,180.0,371.0,0.41002277904328016,0,226,181.0,187.0,368.0,0.2423440226226356,192.2,1
1,Russia,49,41,35,125,1976,189.0,408.0,0.42567567567567566,0,264,226.0,181.0,407.0,0.2423440226226356,192.2,1
1,Russia,80,69,46,195,1980,202.0,489.0,0.44493392070484583,1,424,264.0,226.0,490.0,0.2423440226226356,192.2,1
1,Russia,55,31,46,132,1988,221.0,479.0,0.4185606060606061,0,273,424.0,264.0,688.0,0.2423440226226356,192.2,1
2,Russia,26,21,16,63,1996,0.0,0.0,0.0,0,136,273.0,424.0,697.0,0.2423440226226356,192.2,1
2,Russia,32,28,29,89,2000,0.0,0.0,0.0,0,181,136.0,273.0,409.0,0.2423440226226356,192.2,1
3,Russia,28,26,36,90,2004,0.0,0.0,0.0,0,172,181.0,136.0,317.0,0.2423440226226356,192.2,1
3,Russia,24,13,23,60,2008,0.0,0.0,0.0,0,121,172.0,181.0,353.0,0.2423440226226356,192.2,1
4,Russia,18,21,26,65,2012,0.0,0.0,0.0,0,122,121.0,172.0,293.0,0.2423440226226356,192.2,1
4,Russia,19,17,20,56,2016,0.0,0.0,0.0,0,111,122.0,121.0,243.0,0.2423440226226356,192.2,1
5,Russia,20,28,23,71,2020,202.0,341.0,0.26544021024967146,0,139,111.0,122.0,233.0,0.2423440226226356,192.2,1
55,Saint Lucia,1,1,0,2,2024,0.0,0.0,0.0,0,5,0.0,0.0,0.0,0.0,5.0,1
72,San Marino,0,1,2,3,2020,0.0,0.0,0.0,0,4,0.0,0.0,0.0,0.0,4.0,1
61,Saudi Arabia,0,1,1,2,2000,0.0,0.0,0.0,0,3,0.0,0.0,0.0,0.0,2.0,1
79,Saudi Arabia,0,0,1,1,2012,0.0,0.0,0.0,0,1,3.0,0.0,3.0,0.0,2.0,1
77,Saudi Arabia,0,1,0,1,2020,0.0,0.0,0.0,0,2,1.0,3.0,4.0,0.0,2.0,1
64,Serbia,0,1,2,3,2008,0.0,0.0,0.0,0,4,0.0,0.0,0.0,0.0,11.0,1
42,Serbia,1,1,2,4,2012,0.0,0.0,0.0,0,7,4.0,0.0,4.0,0.0,11.0,1
32,Serbia,2,4,2,8,2016,0.0,0.0,0.0,0,16,7.0,4.0,11.0,0.0,11.0,1
28,Serbia,3,1,5,9,2020,0.0,0.0,0.0,0,16,16.0,7.0,23.0,0.0,11.0,1
27,Serbia,3,1,1,5,2024,0.0,0.0,0.0,0,12,16.0,16.0,32.0,0.0,11.0,1
72,Singapore,0,1,0,1,2008,0.0,0.0,0.0,0,2,0.0,0.0,0.0,0.0,2.0,1
77,Singapore,0,0,2,2,2012,0.0,0.0,0.0,0,2,2.0,0.0,2.0,0.0,2.0,1
54,Singapore,1,0,0,1,2016,0.0,0.0,0.0,0,3,2.0,2.0,4.0,0.0,2.0,1
84,Singapore,0,0,1,1,2024,0.0,0.0,0.0,0,1,3.0,2.0,5.0,0.0,2.0,1
43,Slovakia,1,1,1,3,1996,0.0,0.0,0.0,0,6,0.0,0.0,0.0,0.0,8.375,1
39,Slovakia,1,3,1,5,2000,0.0,0.0,0.0,0,10,6.0,0.0,6.0,0.0,8.375,1
29,Slovakia,2,2,2,6,2004,0.0,0.0,0.0,0,12,10.0,6.0,16.0,0.0,8.375,1
26,Slovakia,3,3,0,6,2008,0.0,0.0,0.0,0,15,12.0,10.0,22.0,0.0,8.375,1
63,Slovakia,0,1,3,4,2012,0.0,0.0,0.0,0,5,15.0,12.0,27.0,0.0,8.375,1
37,Slovakia,2,2,0,4,2016,0.0,0.0,0.0,0,10,5.0,15.0,20.0,0.0,8.375,1
50,Slovakia,1,2,1,4,2020,0.0,0.0,0.0,0,8,10.0,5.0,15.0,0.0,8.375,1
84,Slovakia,0,0,1,1,2024,0.0,0.0,0.0,0,1,8.0,10.0,18.0,0.0,8.375,1
52,Slovenia,0,0,2,2,1992,0.0,0.0,0.0,0,2,0.0,0.0,0.0,0.0,6.777777777777778,1
55,Slovenia,0,2,0,2,1996,0.0,0.0,0.0,0,4,2.0,0.0,2.0,0.0,6.777777777777778,1
36,Slovenia,2,0,0,2,2000,0.0,0.0,0.0,0,6,4.0,2.0,6.0,0.0,6.777777777777778,1
63,Slovenia,0,1,3,4,2004,0.0,0.0,0.0,0,5,6.0,4.0,10.0,0.0,6.777777777777778,1
39,Slovenia,1,2,2,5,2008,0.0,0.0,0.0,0,9,5.0,6.0,11.0,0.0,6.777777777777778,1
42,Slovenia,1,1,2,4,2012,0.0,0.0,0.0,0,7,9.0,5.0,14.0,0.0,6.777777777777778,1
45,Slovenia,1,2,1,4,2016,0.0,0.0,0.0,0,8,7.0,9.0,16.0,0.0,6.777777777777778,1
31,Slovenia,3,1,1,5,2020,0.0,0.0,0.0,0,12,8.0,7.0,15.0,0.0,6.777777777777778,1
34,Slovenia,2,1,0,3,2024,0.0,0.0,0.0,0,8,12.0,8.0,20.0,0.0,6.777777777777778,1
14,South Africa,1,1,0,2,1908,0.0,0.0,0.0,0,5,0.0,0.0,0.0,0.0,9.666666666666666,1
7,South Africa,4,2,0,6,1912,0.0,0.0,0.0,0,16,5.0,0.0,5.0,0.0,9.666666666666666,1
11,South Africa,3,4,3,10,1920,0.0,0.0,0.0,0,20,16.0,5.0,21.0,0.0,9.666666666666666,1
18,South Africa,1,1,1,3,1924,0.0,0.0,0.0,0,6,20.0,16.0,36.0,0.0,9.666666666666666,1
23,South Africa,1,0,2,3,1928,0.0,0.0,0.0,0,5,6.0,20.0,26.0,0.0,9.666666666666666,1
25,South Africa,0,1,0,1,1936,0.0,0.0,0.0,0,2,5.0,6.0,11.0,0.0,9.666666666666666,1
18,South Africa,2,1,1,4,1948,0.0,0.0,0.0,0,9,2.0,5.0,7.0,0.0,9.666666666666666,1
12,South Africa,2,4,4,10,1952,0.0,0.0,0.0,0,18,9.0,2.0,11.0,0.0,9.666666666666666,1
33,South Africa,0,0,4,4,1956,0.0,0.0,0.0,0,4,18.0,9.0,27.0,0.0,9.666666666666666,1
41,South Africa,0,2,0,2,1992,0.0,0.0,0.0,0,4,4.0,18.0,22.0,0.0,9.666666666666666,1
27,South Africa,3,1,1,5,1996,0.0,0.0,0.0,0,12,4.0,4.0,8.0,0.0,9.666666666666666,1
55,South Africa,0,2,3,5,2000,0.0,0.0,0.0,0,7,12.0,4.0,16.0,0.0,9.666666666666666,1
43,South Africa,1,3,2,6,2004,0.0,0.0,0.0,0,11,7.0,12.0,19.0,0.0,9.666666666666666,1
72,South Africa,0,1,0,1,2008,0.0,0.0,0.0,0,2,11.0,7.0,18.0,0.0,9.666666666666666,1
20,South Africa,4,1,1,6,2012,0.0,0.0,0.0,0,15,2.0,11.0,13.0,0.0,9.666666666666666,1
29,South Africa,2,6,2,10,2016,0.0,0.0,0.0,0,20,15.0,2.0,17.0,0.0,9.666666666666666,1
52,South Africa,1,2,0,3,2020,0.0,0.0,0.0,0,7,20.0,15.0,35.0,0.0,9.666666666666666,1
44,South Africa,1,3,2,6,2024,0.0,0.0,0.0,0,11,7.0,20.0,27.0,0.0,9.666666666666666,1
32,South Korea,0,0,2,2,1948,0.0,0.0,0.0,0,2,0.0,0.0,0.0,0.0,35.44444444444444,1
37,South Korea,0,0,2,2,1952,0.0,0.0,0.0,0,2,2.0,0.0,2.0,0.0,35.44444444444444,1
29,South Korea,0,1,1,2,1956,0.0,0.0,0.0,0,3,2.0,2.0,4.0,0.0,35.44444444444444,1
27,South Korea,0,2,1,3,1964,0.0,0.0,0.0,0,5,3.0,2.0,5.0,0.0,35.44444444444444,1
36,South Korea,0,1,1,2,1968,0.0,0.0,0.0,0,3,5.0,3.0,8.0,0.0,35.44444444444444,1
33,South Korea,0,1,0,1,1972,0.0,0.0,0.0,0,2,3.0,5.0,8.0,0.0,35.44444444444444,1
19,South Korea,1,1,4,6,1976,0.0,0.0,0.0,0,9,2.0,3.0,5.0,0.0,35.44444444444444,1
10,South Korea,6,6,7,19,1984,0.0,0.0,0.0,0,37,9.0,2.0,11.0,0.0,35.44444444444444,1
4,South Korea,12,10,11,33,1988,0.0,0.0,0.0,0,67,37.0,9.0,46.0,0.0,35.44444444444444,1
7,South Korea,12,5,12,29,1992,0.0,0.0,0.0,0,58,67.0,37.0,104.0,0.0,35.44444444444444,1
10,South Korea,7,15,5,27,1996,0.0,0.0,0.0,0,56,58.0,67.0,125.0,0.0,35.44444444444444,1
12,South Korea,8,10,10,28,2000,0.0,0.0,0.0,0,54,56.0,58.0,114.0,0.0,35.44444444444444,1
9,South Korea,9,12,9,30,2004,0.0,0.0,0.0,0,60,54.0,56.0,110.0,0.0,35.44444444444444,1
7,South Korea,13,11,8,32,2008,0.0,0.0,0.0,0,69,60.0,54.0,114.0,0.0,35.44444444444444,1
5,South Korea,13,9,9,31,2012,0.0,0.0,0.0,0,66,69.0,60.0,129.0,0.0,35.44444444444444,1
8,South Korea,9,3,9,21,2016,0.0,0.0,0.0,0,42,66.0,69.0,135.0,0.0,35.44444444444444,1
16,South Korea,6,4,10,20,2020,0.0,0.0,0.0,0,36,42.0,66.0,108.0,0.0,35.44444444444444,1
8,South Korea,13,9,10,32,2024,0.0,0.0,0.0,0,67,36.0,42.0,78.0,0.0,35.44444444444444,1
14,Spain,1,0,0,1,1900,0.0,0.0,0.0,0,3,0.0,0.0,0.0,0.0,19.31578947368421,1
17,Spain,0,2,0,2,1920,0.0,0.0,0.0,0,4,3.0,0.0,3.0,0.0,19.31578947368421,1
24,Spain,1,0,0,1,1928,0.0,0.0,0.0,0,3,4.0,3.0,7.0,0.0,19.31578947368421,1
28,Spain,0,1,0,1,1948,0.0,0.0,0.0,0,2,3.0,4.0,7.0,0.0,19.31578947368421,1
34,Spain,0,1,0,1,1952,0.0,0.0,0.0,0,2,2.0,3.0,5.0,0.0,19.31578947368421,1
43,Spain,0,0,1,1,1972,0.0,0.0,0.0,0,1,2.0,2.0,4.0,0.0,19.31578947368421,1
30,Spain,0,2,0,2,1976,0.0,0.0,0.0,0,4,1.0,2.0,3.0,0.0,19.31578947368421,1
20,Spain,1,3,2,6,1980,0.0,0.0,0.0,0,11,4.0,1.0,5.0,0.0,19.31578947368421,1
20,Spain,1,2,2,5,1984,0.0,0.0,0.0,0,9,11.0,4.0,15.0,0.0,19.31578947368421,1
25,Spain,1,1,2,4,1988,0.0,0.0,0.0,0,7,9.0,11.0,20.0,0.0,19.31578947368421,1
6,Spain,13,7,2,22,1992,0.0,0.0,0.0,0,55,7.0,9.0,16.0,0.0,19.31578947368421,1
13,Spain,5,6,6,17,1996,0.0,0.0,0.0,0,33,55.0,7.0,62.0,0.0,19.31578947368421,1
25,Spain,3,3,5,11,2000,0.0,0.0,0.0,0,20,33.0,55.0,88.0,0.0,19.31578947368421,1
20,Spain,3,11,6,20,2004,0.0,0.0,0.0,0,37,20.0,33.0,53.0,0.0,19.31578947368421,1
14,Spain,5,11,3,19,2008,0.0,0.0,0.0,0,40,37.0,20.0,57.0,0.0,19.31578947368421,1
17,Spain,4,10,6,20,2012,0.0,0.0,0.0,0,38,40.0,37.0,77.0,0.0,19.31578947368421,1
14,Spain,7,4,6,17,2016,0.0,0.0,0.0,0,35,38.0,40.0,78.0,0.0,19.31578947368421,1
22,Spain,3,8,6,17,2020,0.0,0.0,0.0,0,31,35.0,38.0,73.0,0.0,19.31578947368421,1
15,Spain,5,4,9,18,2024,0.0,0.0,0.0,0,32,31.0,35.0,66.0,0.0,19.31578947368421,1
21,Sweden,0,0,1,1,1900,0.0,0.0,0.0,0,1,0.0,0.0,0.0,0.0,36.23076923076923,1
3,Sweden,8,6,11,25,1908,0.0,0.0,0.0,0,47,1.0,0.0,1.0,0.0,36.23076923076923,1
2,Sweden,23,25,17,65,1912,0.0,0.0,0.0,0,136,47.0,1.0,48.0,0.0,36.23076923076923,1
2,Sweden,19,20,25,64,1920,0.0,0.0,0.0,0,122,136.0,47.0,183.0,0.0,36.23076923076923,1
8,Sweden,4,13,12,29,1924,0.0,0.0,0.0,0,50,122.0,136.0,258.0,0.0,36.23076923076923,1
4,Sweden,7,6,12,25,1928,0.0,0.0,0.0,0,45,50.0,122.0,172.0,0.0,36.23076923076923,1
7,Sweden,6,5,10,21,1936,0.0,0.0,0.0,0,38,45.0,50.0,95.0,0.0,36.23076923076923,1
2,Sweden,16,11,17,44,1948,0.0,0.0,0.0,0,87,38.0,45.0,83.0,0.0,36.23076923076923,1
4,Sweden,12,13,10,35,1952,0.0,0.0,0.0,0,72,87.0,38.0,125.0,0.0,36.23076923076923,1
6,Sweden,8,5,6,19,1956,0.0,0.0,0.0,0,40,72.0,87.0,159.0,0.0,36.23076923076923,1
17,Sweden,2,2,4,8,1964,0.0,0.0,0.0,0,14,40.0,72.0,112.0,0.0,36.23076923076923,1
20,Sweden,2,1,1,4,1968,0.0,0.0,0.0,0,9,14.0,40.0,54.0,0.0,36.23076923076923,1
11,Sweden,4,6,6,16,1972,0.0,0.0,0.0,0,30,9.0,14.0,23.0,0.0,36.23076923076923,1
12,Sweden,4,1,0,5,1976,0.0,0.0,0.0,0,14,30.0,9.0,39.0,0.0,36.23076923076923,1
11,Sweden,3,3,6,12,1980,0.0,0.0,0.0,0,21,14.0,30.0,44.0,0.0,36.23076923076923,1
16,Sweden,2,11,6,19,1984,0.0,0.0,0.0,0,34,21.0,14.0,35.0,0.0,36.23076923076923,1
32,Sweden,0,4,7,11,1988,0.0,0.0,0.0,0,15,34.0,21.0,55.0,0.0,36.23076923076923,1
27,Sweden,1,7,4,12,1992,0.0,0.0,0.0,0,21,15.0,34.0,49.0,0.0,36.23076923076923,1
29,Sweden,2,4,2,8,1996,0.0,0.0,0.0,0,16,21.0,15.0,36.0,0.0,36.23076923076923,1
18,Sweden,4,5,3,12,2000,0.0,0.0,0.0,0,25,16.0,21.0,37.0,0.0,36.23076923076923,1
19,Sweden,4,2,1,7,2004,0.0,0.0,0.0,0,17,25.0,16.0,41.0,0.0,36.23076923076923,1
56,Sweden,0,4,1,5,2008,0.0,0.0,0.0,0,9,17.0,25.0,42.0,0.0,36.23076923076923,1
37,Sweden,1,4,3,8,2012,0.0,0.0,0.0,0,14,9.0,17.0,26.0,0.0,36.23076923076923,1
28,Sweden,2,6,3,11,2016,0.0,0.0,0.0,0,21,14.0,9.0,23.0,0.0,36.23076923076923,1
23,Sweden,3,6,0,9,2020,0.0,0.0,0.0,0,21,21.0,14.0,35.0,0.0,36.23076923076923,1
16,Sweden,4,4,3,11,2024,0.0,0.0,0.0,0,23,21.0,21.0,42.0,0.0,36.23076923076923,1
10,Switzerland,1,2,0,3,1896,0.0,0.0,0.0,0,7,0.0,0.0,0.0,0.0,15.423076923076923,1
6,Switzerland,6,2,1,9,1900,0.0,0.0,0.0,0,23,7.0,0.0,7.0,0.0,15.423076923076923,1
10,Switzerland,1,0,2,3,1904,0.0,0.0,0.0,0,5,23.0,7.0,30.0,0.0,15.423076923076923,1
13,Switzerland,2,2,7,11,1920,0.0,0.0,0.0,0,17,5.0,23.0,28.0,0.0,15.423076923076923,1
6,Switzerland,7,8,10,25,1924,0.0,0.0,0.0,0,47,17.0,5.0,22.0,0.0,15.423076923076923,1
6,Switzerland,7,4,4,15,1928,0.0,0.0,0.0,0,33,47.0,17.0,64.0,0.0,15.423076923076923,1
11,Switzerland,4,9,5,18,1936,0.0,0.0,0.0,0,35,33.0,47.0,80.0,0.0,15.423076923076923,1
9,Switzerland,5,10,5,20,1948,0.0,0.0,0.0,0,40,35.0,33.0,68.0,0.0,15.423076923076923,1
11,Switzerland,2,6,6,14,1952,0.0,0.0,0.0,0,24,40.0,35.0,75.0,0.0,15.423076923076923,1
35,Switzerland,0,0,1,1,1956,0.0,0.0,0.0,0,1,24.0,40.0,64.0,0.0,15.423076923076923,1
22,Switzerland,1,2,1,4,1964,0.0,0.0,0.0,0,8,1.0,24.0,25.0,0.0,15.423076923076923,1
33,Switzerland,0,1,4,5,1968,0.0,0.0,0.0,0,6,8.0,1.0,9.0,0.0,15.423076923076923,1
26,Switzerland,0,3,0,3,1972,0.0,0.0,0.0,0,6,6.0,8.0,14.0,0.0,15.423076923076923,1
20,Switzerland,1,1,2,4,1976,0.0,0.0,0.0,0,7,6.0,6.0,12.0,0.0,15.423076923076923,1
19,Switzerland,2,0,0,2,1980,0.0,0.0,0.0,0,6,7.0,6.0,13.0,0.0,15.423076923076923,1
26,Switzerland,0,4,4,8,1984,0.0,0.0,0.0,0,12,6.0,7.0,13.0,0.0,15.423076923076923,1
33,Switzerland,0,2,2,4,1988,0.0,0.0,0.0,0,6,12.0,6.0,18.0,0.0,15.423076923076923,1
37,Switzerland,1,0,0,1,1992,0.0,0.0,0.0,0,3,6.0,12.0,18.0,0.0,15.423076923076923,1
18,Switzerland,4,3,0,7,1996,0.0,0.0,0.0,0,18,3.0,6.0,9.0,0.0,15.423076923076923,1
37,Switzerland,1,6,2,9,2000,0.0,0.0,0.0,0,17,18.0,3.0,21.0,0.0,15.423076923076923,1
46,Switzerland,1,1,3,5,2004,0.0,0.0,0.0,0,8,17.0,18.0,35.0,0.0,15.423076923076923,1
34,Switzerland,2,1,4,7,2008,0.0,0.0,0.0,0,12,8.0,17.0,25.0,0.0,15.423076923076923,1
33,Switzerland,2,2,0,4,2012,0.0,0.0,0.0,0,10,12.0,8.0,20.0,0.0,15.423076923076923,1
23,Switzerland,3,2,2,7,2016,0.0,0.0,0.0,0,15,10.0,12.0,22.0,0.0,15.423076923076923,1
24,Switzerland,3,4,6,13,2020,0.0,0.0,0.0,0,23,15.0,10.0,25.0,0.0,15.423076923076923,1
48,Switzerland,1,2,5,8,2024,0.0,0.0,0.0,0,12,23.0,15.0,38.0,0.0,15.423076923076923,1
33,Syria,0,1,0,1,1984,0.0,0.0,0.0,0,2,0.0,0.0,0.0,0.0,1.75,1
49,Syria,1,0,0,1,1996,0.0,0.0,0.0,0,3,2.0,0.0,2.0,0.0,1.75,1
71,Syria,0,0,1,1,2004,0.0,0.0,0.0,0,1,3.0,2.0,5.0,0.0,1.75,1
86,Syria,0,0,1,1,2020,0.0,0.0,0.0,0,1,1.0,3.0,4.0,0.0,1.75,1
68,Tajikistan,0,1,1,2,2008,0.0,0.0,0.0,0,3,0.0,0.0,0.0,0.0,2.5,1
79,Tajikistan,0,0,1,1,2012,0.0,0.0,0.0,0,1,3.0,0.0,3.0,0.0,2.5,1
54,Tajikistan,1,0,0,1,2016,0.0,0.0,0.0,0,3,1.0,3.0,4.0,0.0,2.5,1
79,Tajikistan,0,0,3,3,2024,0.0,0.0,0.0,0,3,3.0,1.0,4.0,0.0,2.5,1
37,Thailand,0,0,1,1,1976,0.0,0.0,0.0,0,1,0.0,0.0,0.0,0.0,6.166666666666667,1
33,Thailand,0,1,0,1,1984,0.0,0.0,0.0,0,2,1.0,0.0,1.0,0.0,6.166666666666667,1
46,Thailand,0,0,1,1,1988,0.0,0.0,0.0,0,1,2.0,1.0,3.0,0.0,6.166666666666667,1
54,Thailand,0,0,1,1,1992,0.0,0.0,0.0,0,1,1.0,2.0,3.0,0.0,6.166666666666667,1
47,Thailand,1,0,1,2,1996,0.0,0.0,0.0,0,4,1.0,1.0,2.0,0.0,6.166666666666667,1
47,Thailand,1,0,2,3,2000,0.0,0.0,0.0,0,5,4.0,1.0,5.0,0.0,6.166666666666667,1
25,Thailand,3,1,4,8,2004,0.0,0.0,0.0,0,15,5.0,4.0,9.0,0.0,6.166666666666667,1
31,Thailand,2,2,2,6,2008,0.0,0.0,0.0,0,12,15.0,5.0,20.0,0.0,6.166666666666667,1
59,Thailand,0,2,2,4,2012,0.0,0.0,0.0,0,6,12.0,15.0,27.0,0.0,6.166666666666667,1
35,Thailand,2,2,2,6,2016,0.0,0.0,0.0,0,12,6.0,12.0,18.0,0.0,6.166666666666667,1
59,Thailand,1,0,1,2,2020,0.0,0.0,0.0,0,4,12.0,6.0,18.0,0.0,6.166666666666667,1
44,Thailand,1,3,2,6,2024,0.0,0.0,0.0,0,11,4.0,12.0,16.0,0.0,6.166666666666667,1
29,Tunisia,0,1,1,2,1964,0.0,0.0,0.0,0,3,0.0,0.0,0.0,0.0,3.7777777777777777,1
28,Tunisia,1,0,1,2,1968,0.0,0.0,0.0,0,4,3.0,0.0,3.0,0.0,3.7777777777777777,1
33,Tunisia,0,1,0,1,1972,0.0,0.0,0.0,0,2,4.0,3.0,7.0,0.0,3.7777777777777777,1
71,Tunisia,0,0,1,1,1996,0.0,0.0,0.0,0,1,2.0,4.0,6.0,0.0,3.7777777777777777,1
53,Tunisia,1,0,0,1,2008,0.0,0.0,0.0,0,3,1.0,2.0,3.0,0.0,3.7777777777777777,1
36,Tunisia,2,0,1,3,2012,0.0,0.0,0.0,0,7,3.0,1.0,4.0,0.0,3.7777777777777777,1
75,Tunisia,0,0,3,3,2016,0.0,0.0,0.0,0,3,7.0,3.0,10.0,0.0,3.7777777777777777,1
58,Tunisia,1,1,0,2,2020,0.0,0.0,0.0,0,5,3.0,7.0,10.0,0.0,3.7777777777777777,1
52,Tunisia,1,1,1,3,2024,0.0,0.0,0.0,0,6,5.0,3.0,8.0,0.0,3.7777777777777777,1
19,Turkey,1,0,1,2,1936,0.0,0.0,0.0,0,4,0.0,0.0,0.0,0.0,10.944444444444445,1
7,Turkey,6,4,2,12,1948,0.0,0.0,0.0,0,28,4.0,0.0,4.0,0.0,10.944444444444445,1
16,Turkey,2,0,1,3,1952,0.0,0.0,0.0,0,7,28.0,4.0,32.0,0.0,10.944444444444445,1
12,Turkey,3,2,2,7,1956,0.0,0.0,0.0,0,15,7.0,28.0,35.0,0.0,10.944444444444445,1
16,Turkey,2,3,1,6,1964,0.0,0.0,0.0,0,13,15.0,7.0,22.0,0.0,10.944444444444445,1
21,Turkey,2,0,0,2,1968,0.0,0.0,0.0,0,6,13.0,15.0,28.0,0.0,10.944444444444445,1
33,Turkey,0,1,0,1,1972,0.0,0.0,0.0,0,2,6.0,13.0,19.0,0.0,10.944444444444445,1
40,Turkey,0,0,3,3,1984,0.0,0.0,0.0,0,3,2.0,6.0,8.0,0.0,10.944444444444445,1
27,Turkey,1,1,0,2,1988,0.0,0.0,0.0,0,5,3.0,2.0,5.0,0.0,10.944444444444445,1
23,Turkey,2,2,2,6,1992,0.0,0.0,0.0,0,12,5.0,3.0,8.0,0.0,10.944444444444445,1
19,Turkey,4,1,1,6,1996,0.0,0.0,0.0,0,15,12.0,5.0,17.0,0.0,10.944444444444445,1
26,Turkey,3,0,2,5,2000,0.0,0.0,0.0,0,11,15.0,12.0,27.0,0.0,10.944444444444445,1
22,Turkey,3,3,4,10,2004,0.0,0.0,0.0,0,19,11.0,15.0,26.0,0.0,10.944444444444445,1
42,Turkey,1,1,3,5,2008,0.0,0.0,0.0,0,8,19.0,11.0,30.0,0.0,10.944444444444445,1
46,Turkey,1,1,1,3,2012,0.0,0.0,0.0,0,6,8.0,19.0,27.0,0.0,10.944444444444445,1
41,Turkey,1,3,4,8,2016,0.0,0.0,0.0,0,13,6.0,8.0,14.0,0.0,10.944444444444445,1
35,Turkey,2,2,9,13,2020,0.0,0.0,0.0,0,19,13.0,6.0,19.0,0.0,10.944444444444445,1
64,Turkey,0,3,5,8,2024,0.0,0.0,0.0,0,11,19.0,13.0,32.0,0.0,10.944444444444445,1
77,Turkmenistan,0,1,0,1,2020,0.0,0.0,0.0,0,2,0.0,0.0,0.0,0.0,2.0,1
1,USA,11,7,2,20,1896,16.0,14.0,0.14953271028037382,0,49,0.0,0.0,0.0,0.36703377199045534,202.1851851851852,1
2,USA,19,14,15,48,1900,41.0,75.0,0.17372881355932204,0,100,49.0,0.0,49.0,0.36703377199045534,202.1851851851852,1
1,USA,76,78,77,231,1904,95.0,518.0,0.42410714285714285,0,461,100.0,49.0,149.0,0.36703377199045534,202.1851851851852,1
2,USA,23,12,12,47,1908,52.0,119.0,0.1947565543071161,0,105,461.0,100.0,561.0,0.36703377199045534,202.1851851851852,1
1,USA,26,19,19,64,1912,68.0,172.0,0.288135593220339,0,135,105.0,461.0,566.0,0.36703377199045534,202.1851851851852,1
1,USA,41,27,27,95,1920,113.0,285.0,0.31129476584022037,0,204,135.0,105.0,240.0,0.36703377199045534,202.1851851851852,1
1,USA,45,27,27,99,1924,108.0,297.0,0.3698630136986301,0,216,204.0,135.0,339.0,0.36703377199045534,202.1851851851852,1
1,USA,22,18,16,56,1928,96.0,277.0,0.38095238095238093,0,118,216.0,204.0,420.0,0.36703377199045534,202.1851851851852,1
2,USA,24,21,12,57,1936,127.0,352.0,0.4205298013245033,0,126,118.0,216.0,334.0,0.36703377199045534,202.1851851851852,1
1,USA,38,27,19,84,1948,126.0,289.0,0.40384615384615385,0,187,126.0,118.0,244.0,0.36703377199045534,202.1851851851852,1
1,USA,40,19,17,76,1952,133.0,279.0,0.39349112426035504,0,175,187.0,126.0,313.0,0.36703377199045534,202.1851851851852,1
2,USA,32,25,17,74,1956,144.0,300.0,0.42105263157894735,0,163,175.0,187.0,362.0,0.36703377199045534,202.1851851851852,1
1,USA,36,26,28,90,1964,159.0,344.0,0.4297297297297297,0,188,163.0,175.0,338.0,0.36703377199045534,202.1851851851852,1
1,USA,45,28,34,107,1968,167.0,355.0,0.4326424870466321,0,225,188.0,163.0,351.0,0.36703377199045534,202.1851851851852,1
2,USA,33,31,30,94,1972,185.0,397.0,0.4214123006833713,0,191,225.0,188.0,413.0,0.36703377199045534,202.1851851851852,1
3,USA,34,35,25,94,1976,189.0,391.0,0.42567567567567566,0,197,191.0,225.0,416.0,0.36703377199045534,202.1851851851852,1
1,USA,83,61,30,174,1984,217.0,519.0,0.4410569105691057,1,401,197.0,191.0,388.0,0.36703377199045534,202.1851851851852,1
3,USA,36,31,27,94,1988,230.0,526.0,0.4356060606060606,0,197,401.0,197.0,598.0,0.36703377199045534,202.1851851851852,1
2,USA,37,34,37,108,1992,248.0,540.0,0.4328097731239092,0,216,197.0,401.0,598.0,0.36703377199045534,202.1851851851852,1
1,USA,44,32,25,101,1996,263.0,647.0,0.43543046357615894,1,221,216.0,197.0,413.0,0.36703377199045534,202.1851851851852,1
1,USA,37,24,32,93,2000,265.0,586.0,0.39730134932533734,0,191,221.0,216.0,437.0,0.36703377199045534,202.1851851851852,1
1,USA,36,39,26,101,2004,254.0,533.0,0.3796711509715994,0,212,191.0,221.0,412.0,0.36703377199045534,202.1851851851852,1
2,USA,36,39,37,112,2008,258.0,587.0,0.3833580980683507,0,223,212.0,191.0,403.0,0.36703377199045534,202.1851851851852,1
1,USA,48,26,30,104,2012,245.0,529.0,0.3656716417910448,0,226,223.0,212.0,435.0,0.36703377199045534,202.1851851851852,1
1,USA,46,37,38,121,2016,245.0,555.0,0.3592375366568915,0,250,226.0,223.0,449.0,0.36703377199045534,202.1851851851852,1
1,USA,39,41,33,113,2020,245.0,633.0,0.3219448094612352,0,232,250.0,226.0,476.0,0.36703377199045534,202.1851851851852,1
1,USA,40,44,42,126,2024,234.0,619.0,0.3170731707317073,0,250,232.0,250.0,482.0,0.36703377199045534,202.1851851851852,1
36,Uganda,0,1,1,2,1968,0.0,0.0,0.0,0,3,0.0,0.0,0.0,0.0,4.0,1
24,Uganda,1,1,0,2,1972,0.0,0.0,0.0,0,5,3.0,0.0,3.0,0.0,4.0,1
32,Uganda,0,1,0,1,1980,0.0,0.0,0.0,0,2,5.0,3.0,8.0,0.0,4.0,1
71,Uganda,0,0,1,1,1996,0.0,0.0,0.0,0,1,2.0,5.0,7.0,0.0,4.0,1
50,Uganda,1,0,0,1,2012,0.0,0.0,0.0,0,3,1.0,2.0,3.0,0.0,4.0,1
36,Uganda,2,1,1,4,2020,0.0,0.0,0.0,0,9,3.0,1.0,4.0,0.0,4.0,1
55,Uganda,1,1,0,2,2024,0.0,0.0,0.0,0,5,9.0,3.0,12.0,0.0,4.0,1
9,Ukraine,9,2,12,23,1996,0.0,0.0,0.0,0,43,0.0,0.0,0.0,0.0,33.5,1
21,Ukraine,3,10,10,23,2000,0.0,0.0,0.0,0,39,43.0,0.0,43.0,0.0,33.5,1
13,Ukraine,8,5,9,22,2004,0.0,0.0,0.0,0,43,39.0,43.0,82.0,0.0,33.5,1
12,Ukraine,7,4,11,22,2008,0.0,0.0,0.0,0,40,43.0,39.0,82.0,0.0,33.5,1
15,Ukraine,5,4,10,19,2012,0.0,0.0,0.0,0,33,40.0,43.0,83.0,0.0,33.5,1
31,Ukraine,2,5,4,11,2016,0.0,0.0,0.0,0,20,33.0,40.0,73.0,0.0,33.5,1
44,Ukraine,1,6,12,19,2020,0.0,0.0,0.0,0,27,20.0,33.0,53.0,0.0,33.5,1
22,Ukraine,3,5,4,12,2024,0.0,0.0,0.0,0,23,27.0,20.0,47.0,0.0,33.5,1
58,Uzbekistan,0,1,1,2,1996,0.0,0.0,0.0,0,3,0.0,0.0,0.0,0.0,11.625,1
43,Uzbekistan,1,1,2,4,2000,0.0,0.0,0.0,0,7,3.0,0.0,3.0,0.0,11.625,1
35,Uzbekistan,2,1,2,5,2004,0.0,0.0,0.0,0,10,7.0,3.0,10.0,0.0,11.625,1
63,Uzbekistan,0,1,3,4,2008,0.0,0.0,0.0,0,5,10.0,7.0,17.0,0.0,11.625,1
76,Uzbekistan,0,0,3,3,2012,0.0,0.0,0.0,0,3,5.0,10.0,15.0,0.0,11.625,1
21,Uzbekistan,4,2,7,13,2016,0.0,0.0,0.0,0,23,3.0,5.0,8.0,0.0,11.625,1
32,Uzbekistan,3,0,2,5,2020,0.0,0.0,0.0,0,11,23.0,3.0,26.0,0.0,11.625,1
13,Uzbekistan,8,2,3,13,2024,0.0,0.0,0.0,0,31,11.0,23.0,34.0,0.0,11.625,1
40,Venezuela,0,0,1,1,1952,0.0,0.0,0.0,0,1,0.0,0.0,0.0,0.0,3.1,1
29,Venezuela,1,0,0,1,1968,0.0,0.0,0.0,0,3,1.0,0.0,1.0,0.0,3.1,1
34,Venezuela,0,1,0,1,1976,0.0,0.0,0.0,0,2,3.0,1.0,4.0,0.0,3.1,1
32,Venezuela,0,1,0,1,1980,0.0,0.0,0.0,0,2,2.0,3.0,5.0,0.0,3.1,1
40,Venezuela,0,0,3,3,1984,0.0,0.0,0.0,0,3,2.0,2.0,4.0,0.0,3.1,1
68,Venezuela,0,0,2,2,2004,0.0,0.0,0.0,0,2,3.0,2.0,5.0,0.0,3.1,1
82,Venezuela,0,0,1,1,2008,0.0,0.0,0.0,0,1,2.0,3.0,5.0,0.0,3.1,1
50,Venezuela,1,0,0,1,2012,0.0,0.0,0.0,0,3,1.0,2.0,3.0,0.0,3.1,1
62,Venezuela,0,2,1,3,2016,0.0,0.0,0.0,0,5,3.0,1.0,4.0,0.0,3.1,1
46,Venezuela,1,3,0,4,2020,0.0,0.0,0.0,0,9,5.0,3.0,8.0,0.0,3.1,1
43,Zambia,0,0,1,1,1984,0.0,0.0,0.0,0,1,0.0,0.0,0.0,0.0,1.3333333333333333,1
61,Zambia,0,1,0,1,1996,0.0,0.0,0.0,0,2,1.0,0.0,1.0,0.0,1.3333333333333333,1
84,Zambia,0,0,1,1,2024,0.0,0.0,0.0,0,1,2.0,1.0,3.0,0.0,1.3333333333333333,1
